名稱,縣市,鄉鎮市區,WGS_X,WGS_Y
象山,新北市,瑞芳/貢寮區,121.575542,25.0265411
猴山岳前峰,新北市,瑞芳/貢寮區,121.5992841,24.9786597
鵝角格山,新北市,瑞芳/貢寮區,121.5856855,24.9632171
半屏山南峰,屏東縣,霧台鄉,120.3102871,22.6983656
玉山北峰,臺東縣,海端鄉,120.9594971,23.4875704
玉山南峰,臺東縣,海端鄉,120.9589514,23.4465941
玉山東峰,臺東縣,海端鄉,120.9651927,23.4707431
玉山前峰,臺東縣,海端鄉,120.9176632,23.4755783
三叉山,臺東縣,海端鄉,121.0286649,23.2971931
東郡大山,花蓮縣,秀林鄉,121.0918666,23.6268066
天王峰,新北市,瑞芳/貢寮區,121.6816251,24.9938561
皇帝殿東峰,新北市,瑞芳/貢寮區,121.6879361,24.9953431
紗帽山,新北市,瑞芳/貢寮區,121.5433455,25.1484373
七股山,新北市,瑞芳/貢寮區,121.5656867,25.1717767
竹子山,新北市,瑞芳/貢寮區,121.563403,25.2141148
溪子口山,新北市,瑞芳/貢寮區,121.5487151,24.9925581
中埔山,新北市,瑞芳/貢寮區,121.5552355,25.0116922
待老坑山,新北市,瑞芳/貢寮區,121.5744771,24.9668463
孝子山,新北市,瑞芳/貢寮區,121.7397046,25.0200487
中央尖,新北市,瑞芳/貢寮區,121.7389863,25.0141824
臭頭山,新北市,瑞芳/貢寮區,121.736369,25.0106501
九龍山,新北市,瑞芳/貢寮區,121.7260777,25.0153517
石筍尖,新北市,瑞芳/貢寮區,121.721217,25.0309311
赫山,新北市,瑞芳/貢寮區,121.724942,25.0346811
普陀山,新北市,瑞芳/貢寮區,121.7381218,25.0196077
白鷺鷥山,新北市,瑞芳/貢寮區,121.6040929,25.0784251
康樂山,新北市,瑞芳/貢寮區,121.6133651,25.080441
合歡山北峰,南投縣,仁愛鄉,121.2815943,24.1815125
石門山,南投縣,仁愛鄉,121.2845461,24.1524223
奧本嶺,屏東縣,霧台鄉,121.5669571,22.0291651
內溝山,新北市,瑞芳/貢寮區,121.6273762,25.0890663
志繼山,新北市,瑞芳/貢寮區,121.4088186,24.840673
東眼山,新北市,瑞芳/貢寮區,121.418253,24.8249811
大崙尾山,新北市,瑞芳/貢寮區,121.5735185,25.1063845
剪刀石山,新北市,瑞芳/貢寮區,121.5709417,25.0932681
九五峰,新北市,瑞芳/貢寮區,121.5864497,25.0262261
李崠山,新北市,烏來區,121.3036444,24.6926375
加里山,桃園市,復興區,121.0124262,24.5108062
馬那邦山,臺中市,和平區,120.9138043,24.3672314
拇指山,新北市,瑞芳/貢寮區,121.584356,25.020531
大屯山西峰,新北市,瑞芳/貢寮區,121.5135252,25.1710626
大屯山南峰,新北市,瑞芳/貢寮區,121.51768,25.1698431
大屯山,新北市,瑞芳/貢寮區,121.5221914,25.1787406
北稜角,南投縣,仁愛鄉,121.2311408,24.3875106
北插天山,新北市,烏來區,121.4526429,24.7920212
劍山,臺中市,和平區,121.1703157,24.2954923
大劍山,南投縣,仁愛鄉,121.2005007,24.3409271
3167峰,臺中市,和平區,121.1951071,24.3141351
油婆蘭山,南投縣,仁愛鄉,121.2052858,24.3220553
布佚奇寒山,臺中市,和平區,121.1984681,24.3169499
佳陽山,臺中市,和平區,121.1879968,24.3066288
伊澤山,南投縣,仁愛鄉,121.243612,24.4699811
池有山,南投縣,仁愛鄉,121.288154,24.4310981
小霸尖山,南投縣,仁愛鄉,121.2521217,24.4555996
加利山,南投縣,仁愛鄉,121.2162003,24.4594767
下橫坑山,桃園市,復興區,121.1376279,24.7651451
尖山,高雄市,桃源區,120.4020518,23.2423184
角秀山,高雄市,桃源區,120.339454,23.2054218
合歡山,南投縣,仁愛鄉,121.2711951,24.1426062
未命名山峰,新北市,瑞芳/貢寮區,121.593657,25.1150792
大崙頭山,新北市,瑞芳/貢寮區,121.5853232,25.1088307
將軍山,高雄市,桃源區,120.4518341,23.4057084
高梘頭山,桃園市,復興區,121.0845367,24.7789311
南中寮山最高峰,高雄市,桃源區,120.418046,22.8084487
鹽山頂,高雄市,桃源區,120.1001216,23.1542147
眺望崠,新北市,烏來區,121.2087292,24.7934215
魁斗山,高雄市,桃源區,120.2394542,22.9734293
口埤山,高雄市,桃源區,120.350729,23.0226501
虎頭山,高雄市,桃源區,120.336957,23.0290321
尖山,新北市,瑞芳/貢寮區,121.523518,24.9879502
清水大尖山,新北市,瑞芳/貢寮區,121.471016,24.9703241
牛埔頭山,新北市,瑞芳/貢寮區,121.479534,24.967605
和美山,新北市,瑞芳/貢寮區,121.5334049,24.9503501
灣潭山,新北市,瑞芳/貢寮區,121.539081,24.9446131
十七寮山,新北市,瑞芳/貢寮區,121.478916,24.9287321
塗潭山,新北市,瑞芳/貢寮區,121.512022,24.9391421
安坑山,新北市,瑞芳/貢寮區,121.4648651,24.9251951
安新山,新北市,瑞芳/貢寮區,121.458354,24.9273441
小坑山,新北市,瑞芳/貢寮區,121.518185,24.9169931
猴洞尖,新北市,瑞芳/貢寮區,121.5079111,24.8996221
獅仔頭山,新北市,瑞芳/貢寮區,121.4911681,24.9047102
磺窟山,新北市,瑞芳/貢寮區,121.5041052,24.9331479
竹坑山北峰,新北市,瑞芳/貢寮區,121.4751571,24.8861941
竹崙山,新北市,瑞芳/貢寮區,121.456232,24.9083471
粽串尖,新北市,瑞芳/貢寮區,121.4883587,24.9117261
雙港子山,新北市,瑞芳/貢寮區,121.4617268,24.9027274
雙港子山東峰,新北市,瑞芳/貢寮區,121.4656149,24.9031712
外挖子山,新北市,瑞芳/貢寮區,121.5145392,24.9817809
文筆山,新北市,瑞芳/貢寮區,121.4714686,24.9591997
石門內尖山,新北市,瑞芳/貢寮區,121.4385579,24.936079
成福山,新北市,瑞芳/貢寮區,121.417537,24.937277
十八羅漢岩,新北市,瑞芳/貢寮區,121.4253641,24.9382841
長壽山,新北市,瑞芳/貢寮區,121.4075071,24.9406621
鳳梨山,高雄市,桃源區,120.3435391,23.1701447
臥牛山,高雄市,桃源區,120.3793661,23.1854651
大森山,屏東縣,霧台鄉,121.585711,22.0103291
山田山,屏東縣,霧台鄉,121.5570361,22.0452091
台山,屏東縣,霧台鄉,121.536877,22.031254
鵝公髻山,桃園市,復興區,121.075545,24.6099831
水坑廣山,桃園市,復興區,121.0932262,24.7943539
比林山,桃園市,復興區,121.080707,24.5410821
鳥嘴山,桃園市,復興區,121.07525,24.580864
大窩山,桃園市,復興區,121.0625656,24.5574757
新山,新北市,瑞芳/貢寮區,121.6332795,25.1299526
基隆山,新北市,瑞芳/貢寮區,121.8492141,25.1189121
大虎山,嘉義縣,阿里山鄉,120.7006443,23.9666025
雪山主峰,南投縣,仁愛鄉,121.2317965,24.383404
甘木林山,南投縣,仁愛鄉,121.2457188,24.3887366
凱蘭特崑山,南投縣,仁愛鄉,121.2341307,24.3953394
凱蘭特崑山北峰,南投縣,仁愛鄉,121.2349845,24.39843
穆特勒布山,南投縣,仁愛鄉,121.2492707,24.4249595
素密達山,南投縣,仁愛鄉,121.2535538,24.4250998
品田山前峰,南投縣,仁愛鄉,121.2692255,24.4275841
品田山,南投縣,仁愛鄉,121.2667663,24.4283001
頭嵙山,苗栗縣,泰安鄉,120.800146,24.1793651
三汀山,苗栗縣,泰安鄉,120.7526097,24.1391361
枕頭山,高雄市,桃源區,120.4860274,23.3271039
滴水山,高雄市,桃源區,120.4247208,23.2605489
牛山,高雄市,桃源區,120.415799,23.283695
科里山,高雄市,桃源區,120.4601028,23.2912862
坪頂山,高雄市,桃源區,120.4919237,23.2793238
龜子山,高雄市,桃源區,120.4674665,23.237324
霧峰奧山,苗栗縣,泰安鄉,120.776602,24.04674
內庄山,高雄市,桃源區,120.367525,23.1224611
尖山,高雄市,桃源區,120.3764819,23.1345926
未命名山峰,桃園市,復興區,121.1575029,24.7832032
磨板山,高雄市,桃源區,120.4479407,23.3982592
卜吉山,花蓮縣,秀林鄉,120.9498842,23.8464154
南天母山,新北市,瑞芳/貢寮區,121.4542094,24.9518417
皇帝殿西峰,新北市,瑞芳/貢寮區,121.673923,24.9920711
二格山,新北市,瑞芳/貢寮區,121.6196399,24.9672245
五分山,新北市,瑞芳/貢寮區,121.780662,25.0709531
劍潭山,新北市,瑞芳/貢寮區,121.5293056,25.0842687
大武崙山,新北市,瑞芳/貢寮區,121.7097303,25.1585074
燦光寮山,新北市,瑞芳/貢寮區,121.865633,25.0930251
觀音山,新北市,瑞芳/貢寮區,121.4266759,25.135939
中央尖山,南投縣,仁愛鄉,121.4162655,24.3102241
卑南主山,臺東縣,海端鄉,120.8741751,23.0511451
南湖大山,南投縣,仁愛鄉,121.4393767,24.361812
大雪山,臺中市,和平區,121.121194,24.3307752
奇萊北峰,南投縣,仁愛鄉,121.3345459,24.1183377
守城大山,臺中市,和平區,121.0503915,24.0457491
巴博庫魯山,新北市,烏來區,121.4797847,24.6737391
清水大山,南投縣,仁愛鄉,121.651485,24.2352731
無明山,南投縣,仁愛鄉,121.384707,24.2553561
白姑大山,臺中市,和平區,121.108957,24.2026781
西巒大山,花蓮縣,秀林鄉,120.9472206,23.694012
關山,臺東縣,海端鄉,120.9117441,23.2281831
阿玉山,宜蘭縣,大同鄉,121.6027951,24.7894364
鯉魚山,花蓮縣,秀林鄉,121.5206564,23.9190894
中雪山,臺中市,和平區,121.0780609,24.3364811
南湖大山南峰,南投縣,仁愛鄉,121.4347602,24.3476988
南華山,南投縣,仁愛鄉,121.285931,24.0393451
向陽山,臺東縣,海端鄉,120.9924466,23.2843613
塔關山,臺東縣,海端鄉,120.9412445,23.2519395
奇萊主山,南投縣,仁愛鄉,121.3232629,24.086458
奇萊南峰,南投縣,仁愛鄉,121.279975,24.061299
庫哈諾辛山,臺東縣,海端鄉,120.900024,23.2627391
新康山,臺東縣,海端鄉,121.1276177,23.3165854
桃山,南投縣,仁愛鄉,121.3048926,24.4326351
畢祿山,南投縣,仁愛鄉,121.3471869,24.2135771
羊頭山,南投縣,仁愛鄉,121.3797299,24.2086897
能高山,花蓮縣,秀林鄉,121.260238,23.9923208
能高山南峰,花蓮縣,秀林鄉,121.2781119,23.965366
合歡山西峰,南投縣,仁愛鄉,121.24454,24.1776441
閂山,南投縣,仁愛鄉,121.309868,24.2587041
關山嶺山,臺東縣,海端鄉,120.9594825,23.2709936
雪山北峰,南投縣,仁愛鄉,121.240404,24.4147141
雪山東峰,南投縣,仁愛鄉,121.2719622,24.3887322
頭鷹山,臺中市,和平區,121.1407231,24.3596281
東卯山,臺中市,和平區,120.9579575,24.1859433
波津加山,臺中市,和平區,121.011407,24.2285121
平山,苗栗縣,泰安鄉,120.7322033,24.1950141
西平山,苗栗縣,泰安鄉,120.7361333,24.1942167
軍功寮山,苗栗縣,泰安鄉,120.730927,24.1815261
五尖山,新北市,瑞芳/貢寮區,121.4799171,24.964583
太極嶺,新北市,瑞芳/貢寮區,121.4636303,24.9538446
將軍嶺,新北市,瑞芳/貢寮區,121.4720584,24.9567379
龜山島山,新北市,瑞芳/貢寮區,121.9531336,24.841558
御恩山,南投縣,仁愛鄉,121.7596881,24.3762451
鷹仔尖,新北市,瑞芳/貢寮區,121.428615,25.1262391
橫山,嘉義縣,阿里山鄉,120.6315779,23.8892087
坑子內山,苗栗縣,泰安鄉,120.5653103,24.060308
望鄉山,花蓮縣,秀林鄉,120.9443476,23.594112
郡大山,花蓮縣,秀林鄉,120.9625177,23.57733
郡大山北峰,花蓮縣,秀林鄉,120.957005,23.5880544
崩坎,苗栗縣,泰安鄉,120.601476,24.0152381
松子嶺(三等),苗栗縣,泰安鄉,120.6040667,24.0119
竹林(三等),苗栗縣,泰安鄉,120.6211333,24.0218833
卯木山,南投縣,仁愛鄉,121.3166389,24.1871561
猿山,桃園市,復興區,121.025488,24.6412481
獅頭山,桃園市,復興區,121.006526,24.6442411
南觀音山,苗栗縣,泰安鄉,120.7409775,24.173108
白毛山,臺中市,和平區,120.921893,24.1568451
檜山,新北市,烏來區,121.2031607,24.5125239
飛鳳山,桃園市,復興區,121.112232,24.7656671
屏風山,南投縣,仁愛鄉,121.3430149,24.1492329
屏風山中鋒,南投縣,仁愛鄉,121.3390194,24.1414005
三錐山,臺中市,和平區,121.147181,24.1855971
白姑大山中峰,臺中市,和平區,121.130018,24.1970662
北大武山,屏東縣,霧台鄉,120.7613809,22.627061
三角峰,臺中市,和平區,121.1917757,24.0976221
哈哈山,南投縣,仁愛鄉,121.2807277,24.1567143
南哈哈山,南投縣,仁愛鄉,121.2808486,24.1558301
櫻櫻峰,南投縣,仁愛鄉,121.2315522,24.1165271
石門山北峰,南投縣,仁愛鄉,121.2795568,24.1576049
七星山南峰,新北市,瑞芳/貢寮區,121.5519674,25.1688304
硬姐嶺,新北市,瑞芳/貢寮區,121.424935,25.1366042
風櫃斗山,花蓮縣,秀林鄉,120.8502645,23.6533427
夢幻湖山,新北市,瑞芳/貢寮區,121.56002,25.1649051
小油坑山,新北市,瑞芳/貢寮區,121.546057,25.1772252
擎天崗山東峰,新北市,瑞芳/貢寮區,121.5808332,25.1654867
石梯嶺,新北市,瑞芳/貢寮區,121.587535,25.1606402
香對山,新北市,瑞芳/貢寮區,121.6019621,25.1377164
南港山南峰,新北市,瑞芳/貢寮區,121.585023,25.0230641
土庫岳,新北市,瑞芳/貢寮區,121.635512,25.0231391
姜子寮山,新北市,瑞芳/貢寮區,121.7300579,25.0532639
汐止大尖山,新北市,瑞芳/貢寮區,121.6681525,25.0509042
獅頭山前峰,新北市,瑞芳/貢寮區,121.493407,24.9032951
長春嶺,新北市,淡水/三芝區,121.3505224,24.9279908
鳶山,新北市,淡水/三芝區,121.3450961,24.9265991
唭哩岸山,新北市,瑞芳/貢寮區,121.515612,25.1262021
奇岩山,新北市,瑞芳/貢寮區,121.5103699,25.1243051
奇岩山西峰,新北市,瑞芳/貢寮區,121.5072379,25.1230051
東華山,新北市,瑞芳/貢寮區,121.5040759,25.1224892
軍艦岩,新北市,瑞芳/貢寮區,121.5187189,25.1273081
二六〇公尺峰,新北市,瑞芳/貢寮區,121.5189949,25.1323304
瑪陵尖,新北市,瑞芳/貢寮區,121.6991931,25.1089108
太平山,新北市,淡水/三芝區,121.2351337,24.8114086
石門山,新北市,淡水/三芝區,121.229415,24.8099952
清水坑山,新北市,淡水/三芝區,121.232509,24.8115919
立鷹山,臺中市,和平區,121.171407,24.0808751
唐麻丹山,臺中市,和平區,120.9694109,24.1591283
屋我尾山,臺中市,和平區,120.971131,24.2103992
馬崙山,臺中市,和平區,121.05088,24.1991261
八仙山,臺中市,和平區,121.0121142,24.1543353
武法奈尾山,南投縣,仁愛鄉,121.2852554,24.2096739
稍來山,臺中市,和平區,120.9718454,24.2374501
稍來山南峰,臺中市,和平區,120.973075,24.2354981
鳶嘴山,臺中市,和平區,120.9549741,24.2410746
四于台山,花蓮縣,秀林鄉,121.0598942,23.928912
白毛山西南峰,臺中市,和平區,120.9122528,24.1527586
十八尖山,桃園市,復興區,120.9846069,24.7925323
中坑山,桃園市,復興區,121.118965,24.7665291
三角崙山,新北市,瑞芳/貢寮區,121.7296869,24.8592296
三角崙山東南峰,新北市,瑞芳/貢寮區,121.7317049,24.8571839
聖母峰,新北市,瑞芳/貢寮區,121.7295719,24.8549863
金山面山,新北市,淡水/三芝區,121.3263935,24.8713681
金面山,新北市,淡水/三芝區,121.3354429,24.8664851
鳳儀山,屏東縣,霧台鄉,120.3716134,22.726541
鹿屈山,嘉義縣,阿里山鄉,120.7897449,23.6011541
鹿屈山前峰,嘉義縣,阿里山鄉,120.7875029,23.6156551
茅山南峰,高雄市,桃源區,120.6401019,23.1970279
西阿里關山,高雄市,桃源區,120.6413192,23.1829831
三來稜山,花蓮縣,秀林鄉,121.1051699,23.9029619
富嶺山,花蓮縣,秀林鄉,121.0949777,23.9378861
東岬山,花蓮縣,秀林鄉,121.1369898,23.9788252
崁頭山,高雄市,桃源區,120.5046351,23.2662141
竹子尖山,高雄市,桃源區,120.5655559,23.1759191
磺嘴山,新北市,瑞芳/貢寮區,121.6063179,25.1767431
文間山,新北市,瑞芳/貢寮區,121.552254,25.0923801
北雨社山,花蓮縣,秀林鄉,120.891582,23.8052301
後尖山,花蓮縣,秀林鄉,120.8981419,23.8141251
雨社山,花蓮縣,秀林鄉,120.8901599,23.8016931
頭社山,花蓮縣,秀林鄉,120.9127498,23.8281351
砲台山,苗栗縣,泰安鄉,120.683453,24.1449251
南尚書林山,屏東縣,霧台鄉,120.377089,22.607768
尚書林,屏東縣,霧台鄉,120.3785361,22.6148921
六順山,花蓮縣,秀林鄉,121.2395739,23.7245095
鹿林前山,臺東縣,海端鄉,120.8732032,23.4687049
鹿林山,臺東縣,海端鄉,120.8807883,23.4676963
麟趾山,臺東縣,海端鄉,120.8924646,23.4755776
虎頭山,新北市,淡水/三芝區,121.3305937,25.0167488
守關山南峰,臺中市,和平區,121.0580636,24.0154801
南山,臺中市,和平區,121.0797415,24.0134688
南山南峰,臺中市,和平區,121.0799501,24.010714
巴蘭山,臺中市,和平區,121.126768,24.0129291
朗土府山,臺中市,和平區,121.1540598,24.0413846
關頭山,花蓮縣,秀林鄉,121.1005479,23.9891371
高峰山,花蓮縣,秀林鄉,121.1170116,23.989051
車坪崙山,花蓮縣,秀林鄉,120.8532547,23.882758
車坪崙山西峰,花蓮縣,秀林鄉,120.8515872,23.8829124
集集大山,花蓮縣,秀林鄉,120.8375894,23.8552191
集集大山南峰,花蓮縣,秀林鄉,120.8471809,23.8426009
守關山,臺中市,和平區,121.0467151,24.0369147
摩即山,花蓮縣,秀林鄉,121.2449682,23.8462651
獅山,新北市,瑞芳/貢寮區,121.5806063,25.0264083
虎山峰,新北市,瑞芳/貢寮區,121.5836136,25.0313013
豹山,新北市,瑞芳/貢寮區,121.5826441,25.0292842
阿罩霧山,苗栗縣,泰安鄉,120.7135128,24.0612512
槓子寮山,新北市,瑞芳/貢寮區,121.7756426,25.1431291
紅淡山,新北市,瑞芳/貢寮區,121.7520325,25.1188477
灣坑頭山,新北市,瑞芳/貢寮區,121.9104242,24.9745606
鐵砧山,苗栗縣,泰安鄉,120.6551166,24.3563397
白雞山,新北市,瑞芳/貢寮區,121.4076874,24.8917037
未命名山峰,新北市,淡水/三芝區,121.3949221,24.8906241
雞罩山,新北市,瑞芳/貢寮區,121.410617,24.8882321
雞罩山前峰,新北市,瑞芳/貢寮區,121.410251,24.8890291
鹿窟尖,新北市,淡水/三芝區,121.3938481,24.8899952
橫屏山,花蓮縣,秀林鄉,121.018645,23.9458131
武界山,花蓮縣,秀林鄉,121.0291109,23.9325241
獅凸魯山,花蓮縣,秀林鄉,121.0293765,23.9409001
吊神山,苗栗縣,泰安鄉,120.820745,24.2905781
抽藤坑北山,苗栗縣,泰安鄉,120.83295,24.17125
大胡山,苗栗縣,泰安鄉,120.7478626,24.2109924
埤頭山,苗栗縣,泰安鄉,120.752669,24.1386264
里龍山,屏東縣,霧台鄉,120.7328269,22.1638989
祖輪山,南投縣,仁愛鄉,121.5081337,24.2209078
獨立山,嘉義縣,阿里山鄉,120.6077219,23.5368844
巴塱衛山,屏東縣,霧台鄉,120.8780831,22.3226551
加奈美山,屏東縣,霧台鄉,120.909934,22.4320749
勝林山,屏東縣,霧台鄉,120.89389,22.430429
都蘭山,臺東縣,海端鄉,121.1882989,22.8950852
未命名山峰,屏東縣,霧台鄉,121.5709778,22.0631112
紅頭山,屏東縣,霧台鄉,121.5345515,22.0530309
關刀山,苗栗縣,泰安鄉,120.811003,24.3753721
立霧山,南投縣,仁愛鄉,121.6418959,24.1781017
三崁山,高雄市,桃源區,120.387279,23.0439903
邦埤山,高雄市,桃源區,120.3855232,23.0405179
蚵殼坑山,高雄市,桃源區,120.3851048,23.0281119
大公山,高雄市,桃源區,120.4387726,23.0768363
竹嵩崎山,高雄市,桃源區,120.443954,23.092298
蕃蘭山,高雄市,桃源區,120.4211197,23.0892086
貓兒干山,高雄市,桃源區,120.4375391,23.1062141
番仔埔山,高雄市,桃源區,120.4488438,23.137381
打鐵尖山,高雄市,桃源區,120.5012693,23.1472072
鹿陶洋山,高雄市,桃源區,120.4984821,23.155195
大混山,新北市,烏來區,121.2748923,24.6889841
大崚山,高雄市,桃源區,120.4278017,23.1243967
三見山,高雄市,桃源區,120.3998206,23.1672181
大崖山,高雄市,桃源區,120.4461031,23.172062
五城山,新北市,瑞芳/貢寮區,121.4660035,24.9511386
屋我尾山北峰,臺中市,和平區,120.9701584,24.2128584
七星山東峰,新北市,瑞芳/貢寮區,121.555574,25.1695092
喀拉業山,南投縣,仁愛鄉,121.321218,24.4497761
詩崙山,南投縣,仁愛鄉,121.3148976,24.439559
蘇澳山,宜蘭縣,大同鄉,121.843839,24.6013381
千兩山,臺中市,和平區,120.9491024,24.3684694
千兩山北峰,臺中市,和平區,120.942222,24.3798731
草山,高雄市,桃源區,120.5197159,23.1678961
虎寮坑山,高雄市,桃源區,120.5564561,23.1907751
觀音山,高雄市,桃源區,120.5166691,23.1668201
聚興山,苗栗縣,泰安鄉,120.7427104,24.2202215
未命名山峰,花蓮縣,秀林鄉,121.1137014,23.9306165
卓社山,花蓮縣,秀林鄉,121.0911869,23.8482488
南東眼山,臺中市,和平區,121.0936128,24.0470424
南萬大山,花蓮縣,秀林鄉,121.1094779,23.9320735
尖台山,花蓮縣,秀林鄉,121.1524654,23.9231859
螺婆間山,花蓮縣,秀林鄉,121.0715004,23.8973602
馬軍山,花蓮縣,秀林鄉,121.2284747,23.9287464
馬海僕富士山,花蓮縣,秀林鄉,121.2008037,23.983162
卓社前山,花蓮縣,秀林鄉,121.0521269,23.834814
烘爐地山,新北市,瑞芳/貢寮區,121.696411,24.8345841
草湳山,新北市,瑞芳/貢寮區,121.7189631,24.8229981
大湖尖山,高雄市,桃源區,120.6375834,23.4873398
露門山,宜蘭縣,大同鄉,121.5675921,24.7973371
八里灣山,花蓮縣,秀林鄉,121.488985,23.5447215
石牛山,新北市,烏來區,121.2533235,24.7935139
萬里得山,屏東縣,霧台鄉,120.841757,22.0682019
龜山,屏東縣,霧台鄉,120.7012691,22.0513781
虎子山,花蓮縣,秀林鄉,120.982101,23.9738151
蘭崁山,宜蘭縣,大同鄉,121.7606611,24.5376021
三星山,宜蘭縣,大同鄉,121.5639521,24.50919
飯包山,南投縣,仁愛鄉,121.6913957,24.3909662
王田山,苗栗縣,泰安鄉,120.5844515,24.1382429
頭櫃山,苗栗縣,泰安鄉,120.858835,24.129376
安東軍山,花蓮縣,秀林鄉,121.2661139,23.8727074
治茆山,花蓮縣,秀林鄉,120.9810959,23.744665
大尖山,嘉義縣,阿里山鄉,120.6231401,23.5900114
廍亭山,高雄市,桃源區,120.6225643,23.055832
魁斗山,高雄市,桃源區,120.2039231,22.9790199
埤亦山,屏東縣,霧台鄉,120.878371,22.072427
塔山,南投縣,仁愛鄉,121.5509929,24.141821
木瓜山,花蓮縣,秀林鄉,121.4450916,23.9132021
月眉山,花蓮縣,秀林鄉,121.5520386,23.8254869
虎頭山,花蓮縣,秀林鄉,121.3229328,23.5614291
玉里山,臺東縣,海端鄉,121.2432643,23.3797892
三間屋山,臺東縣,海端鄉,121.4299389,23.3705631
成廣澳山,臺東縣,海端鄉,121.3382641,23.1904131
新港山,臺東縣,海端鄉,121.3222685,23.1397311
大分林山,桃園市,復興區,121.0500031,24.6803731
小埔山,臺中市,和平區,120.9410724,24.014561
九份二山,花蓮縣,秀林鄉,120.84163,23.9345856
白葉山,花蓮縣,秀林鄉,120.9484729,23.9313091
鳳凰山,花蓮縣,秀林鄉,120.8061779,23.6916901
松子腳山,嘉義縣,阿里山鄉,120.4805703,23.535846
大山母山,屏東縣,霧台鄉,120.7789411,21.968468
王武塔山,花蓮縣,秀林鄉,121.335488,23.715454
美奈田主山,臺東縣,海端鄉,121.0016559,22.9766321
太麻里山,屏東縣,霧台鄉,120.9524888,22.6431616
三針後山,宜蘭縣,大同鄉,121.6456498,24.7371631
溪南山,新北市,淡水/三芝區,121.3974331,24.9246452
拳頭母山,宜蘭縣,大同鄉,121.546129,24.7079332
大湖桶山,宜蘭縣,大同鄉,121.6529549,24.6364931
獅公髻尾山,新北市,瑞芳/貢寮區,121.7181868,24.9748074
網弦山,桃園市,復興區,120.8295891,24.6600011
直潭山,新北市,瑞芳/貢寮區,121.567658,24.9208611
墨硯山南峰,桃園市,復興區,120.846273,24.5558111
三尖山,桃園市,復興區,120.9374591,24.5901188
四分尾山,新北市,瑞芳/貢寮區,121.680667,25.0411682
中幅子山,新北市,瑞芳/貢寮區,121.6698841,25.1773201
大元山,宜蘭縣,大同鄉,121.6461399,24.5597781
三腳南山,高雄市,桃源區,120.592456,23.240628
六甲山,高雄市,桃源區,120.367361,23.2249881
保和以山,屏東縣,霧台鄉,120.6492454,22.4530325
白石牙山,花蓮縣,秀林鄉,120.8147629,23.7727361
獅子頭山,嘉義縣,阿里山鄉,120.7627619,23.6152721
石圍牆山,苗栗縣,泰安鄉,120.767262,24.2988421
麥樹仁山,桃園市,復興區,121.198851,24.7180601
番子田山,嘉義縣,阿里山鄉,120.7115609,23.627991
鷂婆山,臺中市,和平區,120.9094411,24.4342441
銅山,宜蘭縣,大同鄉,121.6546418,24.5097735
雙冬山,嘉義縣,阿里山鄉,120.7931768,23.9713191
笋子林山,嘉義縣,阿里山鄉,120.7182149,23.7349441
呂奔山,新北市,瑞芳/貢寮區,121.605625,24.8632111
虎頭山,苗栗縣,泰安鄉,120.6848642,24.493758
柑腳山,新北市,瑞芳/貢寮區,121.8061515,24.9892163
佳菩安山,屏東縣,霧台鄉,120.7781785,22.3085588
豬老束山,屏東縣,霧台鄉,120.8563218,22.0109026
南湖呂山,屏東縣,霧台鄉,120.7126551,22.3358481
鐵劍山,屏東縣,霧台鄉,120.6873711,22.249028
老佛山,屏東縣,霧台鄉,120.7919881,22.0390732
馬頭山,高雄市,桃源區,120.5977309,23.3463818
塔山,嘉義縣,阿里山鄉,120.7813089,23.5292671
河表湖山,高雄市,桃源區,120.6712459,23.2368279
大武來山,屏東縣,霧台鄉,120.955612,22.569666
杜鴉原山,屏東縣,霧台鄉,120.8500262,22.4792519
鹿皮山,南投縣,仁愛鄉,121.727784,24.4882601
金巢山,南投縣,仁愛鄉,121.7182764,24.3682031
杵望山,南投縣,仁愛鄉,121.687801,24.2949441
九分山,宜蘭縣,大同鄉,121.571785,24.6075501
石寧山,臺東縣,海端鄉,121.410015,23.2227901
新城山,南投縣,仁愛鄉,121.6040039,24.1323653
鳳林山,花蓮縣,秀林鄉,121.4311518,23.7687061
秀朗山,花蓮縣,秀林鄉,121.4396739,23.592275
烏漏山,花蓮縣,秀林鄉,121.4159059,23.5223451
石公山,臺東縣,海端鄉,121.3658909,23.3453861
六階鼻山,花蓮縣,秀林鄉,121.5185848,23.7590921
初音山,花蓮縣,秀林鄉,121.53137,23.9708781
賀田山,花蓮縣,秀林鄉,121.5868615,23.8877439
卓溪山,臺東縣,海端鄉,121.2683266,23.3278711
馬錫山,花蓮縣,秀林鄉,121.3823071,23.6602613
織羅山,臺東縣,海端鄉,121.4469289,23.4437451
太巴塱山,花蓮縣,秀林鄉,121.5205277,23.6741555
白姑南山,臺中市,和平區,121.11154,24.1563801
更孟山,南投縣,仁愛鄉,121.2302819,24.22409
二子山,南投縣,仁愛鄉,121.569931,24.2567071
大安山,花蓮縣,秀林鄉,121.3132529,23.8186041
卓社大山,花蓮縣,秀林鄉,121.1158529,23.8345331
榮山,南投縣,仁愛鄉,121.477609,24.0508764
西吉南山,南投縣,仁愛鄉,121.4872161,24.320174
西寶山,南投縣,仁愛鄉,121.4668074,24.2122867
干卓萬山,花蓮縣,秀林鄉,121.1389601,23.8760451
太魯閣大山,南投縣,仁愛鄉,121.421001,24.0790711
千古寒山,花蓮縣,秀林鄉,121.381168,23.8751191
平岩山,南投縣,仁愛鄉,121.3544517,24.3466174
望台山,花蓮縣,秀林鄉,121.3293491,23.9433214
泰矢生山,新北市,烏來區,121.372607,24.5940681
夫婦山,新北市,烏來區,121.402725,24.7228941
盡尾山,臺中市,和平區,120.9958336,24.4086832
面托油山,桃園市,復興區,121.134192,24.5677091
基那吉山,新北市,烏來區,121.2748349,24.5504941
結城山,桃園市,復興區,121.1783951,24.507235
中山,臺中市,和平區,121.150687,24.4460021
合流山,臺中市,和平區,121.062065,24.3599251
阿冷山,臺中市,和平區,120.94578,24.1401921
烏山,新北市,烏來區,121.458151,24.6077461
見晴山,南投縣,仁愛鄉,121.478015,24.455635
石楠花山,南投縣,仁愛鄉,121.592535,24.3525191
眉有岩山,新北市,烏來區,121.3851199,24.5132259
霞山,新北市,烏來區,121.217904,24.6018521
油羅山,桃園市,復興區,121.184034,24.6317921
久保山,屏東縣,霧台鄉,120.6879357,22.4920328
南大武山,屏東縣,霧台鄉,120.7485431,22.572521
霧頭山,屏東縣,霧台鄉,120.7865791,22.6931122
知本主山,屏東縣,霧台鄉,120.880497,22.7256881
太里力山,屏東縣,霧台鄉,120.7947781,22.4941871
唐太蘭山,屏東縣,霧台鄉,120.8839231,22.6227741
榆油山,臺東縣,海端鄉,120.722525,23.0082708
新望嶺,臺東縣,海端鄉,120.7824229,23.2945339
出雲山,臺東縣,海端鄉,120.8291601,22.9754531
文迷山,南投縣,仁愛鄉,121.5659438,24.2804135
大母母山,臺東縣,海端鄉,120.748676,22.8258992
屯子山,臺東縣,海端鄉,120.7609145,22.9105969
大浦山,屏東縣,霧台鄉,120.907081,22.775287
盆盆山,臺東縣,海端鄉,120.990546,22.8337107
紅葉山,臺東縣,海端鄉,121.0392226,22.9198803
平野山,臺東縣,海端鄉,120.901093,22.8876802
相原山,臺東縣,海端鄉,120.944425,23.0090791
遙拜山,臺東縣,海端鄉,120.8543519,22.8646749
加奈典山,臺東縣,海端鄉,121.0871636,23.0208359
美瓏山,臺東縣,海端鄉,120.7475301,23.119533
烏夫冬山,臺東縣,海端鄉,120.83802,23.2487211
小關山,臺東縣,海端鄉,120.876124,23.1516351
楠山,臺東縣,海端鄉,121.1263223,23.0691757
崙天山,臺東縣,海端鄉,121.1755396,23.2102329
咲咲山,臺東縣,海端鄉,121.0980991,23.1272757
四方山,臺東縣,海端鄉,121.010553,23.0760381
舞樂山,臺東縣,海端鄉,121.0947285,23.2315519
屯古嶺,臺東縣,海端鄉,120.9507955,23.1459251
多美麗山,臺東縣,海端鄉,121.121858,23.3628301
大里仙山,臺東縣,海端鄉,121.205898,23.3010721
新仙山,臺東縣,海端鄉,121.117506,23.3208054
公山,臺東縣,海端鄉,121.1058819,23.448581
南面山,臺東縣,海端鄉,120.873896,23.3394822
南玉山,臺東縣,海端鄉,120.9249381,23.4292361
霞山,臺東縣,海端鄉,120.8213985,23.4199119
隙頂山,高雄市,桃源區,120.6578282,23.4369091
秀姑巒山,臺東縣,海端鄉,121.057457,23.4968501
巒潭山,花蓮縣,秀林鄉,121.0935899,23.6968761
新鄉山,花蓮縣,秀林鄉,120.8544069,23.6347391
沙婆礑山,南投縣,仁愛鄉,121.5599889,24.0217491
波露山,宜蘭縣,大同鄉,121.541212,24.7967061
大桶山,新北市,瑞芳/貢寮區,121.562949,24.8762211
神桌山,桃園市,復興區,120.9745277,24.5833211
鳥口尖山,新北市,瑞芳/貢寮區,121.659737,24.8516382
東水山,臺東縣,海端鄉,120.8255691,23.4715677
九紀山,新北市,瑞芳/貢寮區,121.6080346,24.9179271
石硿子山,新北市,瑞芳/貢寮區,121.6486631,24.8947849
馬太林山,臺東縣,海端鄉,121.4199448,23.4169379
黑田山,苗栗縣,泰安鄉,120.893906,24.140575
下阿玉山,新北市,瑞芳/貢寮區,121.598373,24.8333541
東草山,臺東縣,海端鄉,120.7575311,23.4337211
安通越山,臺東縣,海端鄉,121.377904,23.2696212
崙埤仔山,宜蘭縣,大同鄉,121.595372,24.7016463
大礁溪山,新北市,瑞芳/貢寮區,121.647307,24.8141931
大湖山,宜蘭縣,大同鄉,121.6871001,24.7700471
雅音山,南投縣,仁愛鄉,121.6410467,24.4834501
源頭山,南投縣,仁愛鄉,121.810486,24.4915901
新寮山,宜蘭縣,大同鄉,121.7514384,24.5886011
紅柴山,宜蘭縣,大同鄉,121.5941403,24.7354939
大白山,宜蘭縣,大同鄉,121.7832274,24.544749
倒吊嶺,新北市,瑞芳/貢寮區,121.6950731,24.9055431
金平山,新北市,淡水/三芝區,121.380729,24.8362621
熊空南山,新北市,瑞芳/貢寮區,121.457744,24.8311221
熊空山,新北市,瑞芳/貢寮區,121.4586671,24.8684491
八角崠山,苗栗縣,泰安鄉,120.8730568,24.4874913
暗影山,苗栗縣,泰安鄉,120.8178011,24.1379851
枕頭山,新北市,淡水/三芝區,121.333723,24.811671
拔刀爾山,新北市,瑞芳/貢寮區,121.5141829,24.8522095
水頭山,花蓮縣,秀林鄉,120.9928628,23.918204
石壁山,嘉義縣,阿里山鄉,120.7245889,23.6037601
仙洞坪山,嘉義縣,阿里山鄉,120.7966317,23.9186572
赤柯山,新北市,烏來區,121.2014981,24.7566891
樟空倫山,嘉義縣,阿里山鄉,120.7601619,23.6784211
金柑樹山,花蓮縣,秀林鄉,120.8138816,23.641118
大克山,臺中市,和平區,120.907089,24.3216681
東照山,花蓮縣,秀林鄉,120.8105869,23.8087451
陳東坑山,嘉義縣,阿里山鄉,120.7591451,23.8015802
楠殖山,臺東縣,海端鄉,121.2589707,22.9913395
加只來山,臺東縣,海端鄉,121.3192501,23.0728941
揍妙山,臺東縣,海端鄉,121.2157037,22.9610181
鴨子蘭山,屏東縣,霧台鄉,120.976012,22.6258171
羅打結山,屏東縣,霧台鄉,120.9961889,22.665909
大鳥山,屏東縣,霧台鄉,120.8752792,22.4064054
助矢山,屏東縣,霧台鄉,120.835454,22.3194431
呀里叭山,屏東縣,霧台鄉,120.926576,22.500947
虷泉山,屏東縣,霧台鄉,120.9201241,22.5467641
銅安山,臺東縣,海端鄉,121.198533,23.0369681
富興山,臺東縣,海端鄉,121.247979,23.0709291
南勢湖山,屏東縣,霧台鄉,120.7626111,22.0816961
茄芝萊山,屏東縣,霧台鄉,120.7649206,22.1415655
牡丹池山,屏東縣,霧台鄉,120.8412321,22.167027
四林格山,屏東縣,霧台鄉,120.8034467,22.083189
茶茶牙頓山,屏東縣,霧台鄉,120.7676714,22.3471047
巴士墨山,屏東縣,霧台鄉,120.7463361,22.220053
北湖呂山,屏東縣,霧台鄉,120.7001971,22.3644251
耆路知可山,屏東縣,霧台鄉,120.7972391,22.2581321
草埔後山,屏東縣,霧台鄉,120.7563831,22.252115
堵開埔山,臺東縣,海端鄉,121.2672709,23.1130415
盆盆山,宜蘭縣,大同鄉,121.521419,24.6381411
龜山,南投縣,仁愛鄉,121.8173205,24.4559333
清水山,宜蘭縣,大同鄉,121.6168851,24.6120811
遭難山,宜蘭縣,大同鄉,121.604814,24.5476921
來藝婦山,宜蘭縣,大同鄉,121.6574628,24.6040861
小南澳山,宜蘭縣,大同鄉,121.705178,24.5959661
萬里橋山,花蓮縣,秀林鄉,121.4003889,23.7423921
嘉羅蘭山,花蓮縣,秀林鄉,121.3714979,23.6282251
北月眉山,花蓮縣,秀林鄉,121.5712339,23.8580421
伍伴山,花蓮縣,秀林鄉,121.4777952,23.9341132
北加路蘭山,花蓮縣,秀林鄉,121.5621509,23.7430711
論外山,南投縣,仁愛鄉,121.571362,24.1068322
水璉尾山,花蓮縣,秀林鄉,121.5635569,23.8100731
濁水山,南投縣,仁愛鄉,121.7554231,24.3455063
江布南山,花蓮縣,秀林鄉,121.3465169,23.5084861
三角錐山,南投縣,仁愛鄉,121.590872,24.2095341
原荖腦山,花蓮縣,秀林鄉,121.448428,23.8465839
水林尾山,花蓮縣,秀林鄉,121.5255628,23.7221331
貓公山,花蓮縣,秀林鄉,121.5188119,23.5808451
里牙津山,臺東縣,海端鄉,121.445064,23.4807232
沙土山,花蓮縣,秀林鄉,121.4562589,23.6229791
北加禮宛山,南投縣,仁愛鄉,121.570474,24.0625871
大奇山,花蓮縣,秀林鄉,121.4849559,23.5165471
平林山,花蓮縣,秀林鄉,121.4069009,23.8060302
白葉山,花蓮縣,秀林鄉,121.4975971,23.998166
飛田盤山,南投縣,仁愛鄉,121.719793,24.2684411
右岸山,南投縣,仁愛鄉,121.693486,24.2332912
騾馬望山,南投縣,仁愛鄉,121.643728,24.2942611
大南澳嶺,南投縣,仁愛鄉,121.728458,24.4424611
飯包尖山,南投縣,仁愛鄉,121.6669346,24.4090661
富太山,南投縣,仁愛鄉,121.6609741,24.4526083
丁子漏山,花蓮縣,秀林鄉,121.4972639,23.6075531
鹿角山,花蓮縣,秀林鄉,120.8611974,23.9716833
過坑山,花蓮縣,秀林鄉,120.9799518,23.883794
眉冷山,臺中市,和平區,120.944256,24.081151
觀音山,花蓮縣,秀林鄉,120.905026,23.9951461
關刀山西峰,臺中市,和平區,121.016987,24.0264441
花瓣山,高雄市,桃源區,120.543865,23.1407861
圓山,高雄市,桃源區,120.6053645,23.1485421
吳酒桶頭山,高雄市,桃源區,120.5705731,23.0863731
勃子山,高雄市,桃源區,120.6895029,23.3689778
石桌山,高雄市,桃源區,120.6950301,23.4700641
松山,花蓮縣,秀林鄉,120.8207299,23.5624391
科子林山,嘉義縣,阿里山鄉,120.710091,23.5621041
兜山,嘉義縣,阿里山鄉,120.7641709,23.5405381
頭凍山,高雄市,桃源區,120.6049581,23.3958062
芙蓉山,臺東縣,海端鄉,120.7299959,23.4806751
開眼山,臺東縣,海端鄉,121.366785,23.1723692
赤門山,臺東縣,海端鄉,121.4134699,23.2747641
安通山,臺東縣,海端鄉,121.3549939,23.3037211
望東山,花蓮縣,秀林鄉,121.5167789,23.629327
新吞山,臺東縣,海端鄉,121.2973899,23.3684029
安土堀山,臺東縣,海端鄉,121.3001051,23.189765
清水山,臺東縣,海端鄉,121.267035,23.2665263
檜樹山,宜蘭縣,大同鄉,121.5772967,24.5499551
蕃社坑山,宜蘭縣,大同鄉,121.6869059,24.5688141
尾上山,南投縣,仁愛鄉,121.231692,24.0559811
久久巢山,花蓮縣,秀林鄉,121.0570429,23.874298
北萬大山,花蓮縣,秀林鄉,121.1597204,23.9697847
白石山,花蓮縣,秀林鄉,121.274865,23.9074809
再生山,南投縣,仁愛鄉,121.2176527,24.0153882
武令山基點峰,臺中市,和平區,121.153149,24.002947
火山,花蓮縣,秀林鄉,121.185509,23.8518821
烏帽子山,花蓮縣,秀林鄉,121.220072,23.8734471
分分山,花蓮縣,秀林鄉,121.0113032,23.8244741
牧山,花蓮縣,秀林鄉,121.1602091,23.8629019
冠山,花蓮縣,秀林鄉,121.0740539,23.8114741
卡社大山,花蓮縣,秀林鄉,121.2207796,23.7817585
卡社山,花蓮縣,秀林鄉,121.0298269,23.7927541
鳶山,花蓮縣,秀林鄉,121.1891659,23.8240291
草山,花蓮縣,秀林鄉,121.240125,23.8210996
雙子山,花蓮縣,秀林鄉,121.1588369,23.833886
大尖山,花蓮縣,秀林鄉,120.9949388,23.8584931
立霧主山,南投縣,仁愛鄉,121.4456341,24.124796
豬股山,南投縣,仁愛鄉,121.5284335,24.1143171
江口山,南投縣,仁愛鄉,121.4959051,24.1459422
帕托魯山,南投縣,仁愛鄉,121.4665347,24.0994579
磐石山,南投縣,仁愛鄉,121.388268,24.1047101
江口山,南投縣,仁愛鄉,121.5049369,24.0673661
突宙山,南投縣,仁愛鄉,121.3559,24.0761849
坡羅沙金山,花蓮縣,秀林鄉,121.1625859,23.7876741
能高山東峰,南投縣,仁愛鄉,121.2836,24.0053911
七腳川山,南投縣,仁愛鄉,121.493708,24.0296371
青木山,南投縣,仁愛鄉,121.330334,24.005294
圓山,花蓮縣,秀林鄉,121.415343,23.920293
安來山,花蓮縣,秀林鄉,121.3948069,23.8529991
向山,花蓮縣,秀林鄉,121.3481143,23.7998275
南二子山,花蓮縣,秀林鄉,121.3296838,23.8791347
見睛山,花蓮縣,秀林鄉,121.300286,23.8418351
富士岳,花蓮縣,秀林鄉,121.3056419,23.9027511
木瓜南山,花蓮縣,秀林鄉,121.4402769,23.886635
大檜山,花蓮縣,秀林鄉,121.3841325,23.9224141
湯上岳,花蓮縣,秀林鄉,121.3611809,23.898778
巴沙灣山,花蓮縣,秀林鄉,121.3153204,23.9628906
桃源山,花蓮縣,秀林鄉,121.413286,23.9774111
王矮山,花蓮縣,秀林鄉,121.4466569,23.9396821
武陵山,花蓮縣,秀林鄉,121.345793,23.9730481
烏帽子山,花蓮縣,秀林鄉,121.4543611,23.9772391
夫婦山,南投縣,仁愛鄉,121.4619,24.0247471
天長山,南投縣,仁愛鄉,121.3694379,24.0525594
十字路山,新北市,烏來區,121.488927,24.5455751
神代山,新北市,烏來區,121.4752901,24.5177279
見睛山,宜蘭縣,大同鄉,121.5240447,24.5103571
加羅山,南投縣,仁愛鄉,121.478832,24.4807351
四圍仙山,新北市,烏來區,121.4291949,24.5641953
留茂安山,新北市,烏來區,121.431628,24.5372301
西馬縫山,宜蘭縣,大同鄉,121.5279011,24.5691991
旗山,新北市,烏來區,121.4999931,24.6172901
婆羅山,新北市,烏來區,121.4770971,24.639464
稜山,新北市,烏來區,121.435191,24.6225041
拉庫山,新北市,烏來區,121.2670491,24.7291571
布奴加里山,新北市,烏來區,121.243843,24.5509451
光城山,新北市,烏來區,121.2864029,24.7822831
境界山,新北市,烏來區,121.2206631,24.5015321
天頓山,桃園市,復興區,121.158419,24.5284591
石麻達山（島田山）,新北市,烏來區,121.2499141,24.6249312
石鹿大山,桃園市,復興區,121.1936822,24.5612857
馬望女苦山,新北市,烏來區,121.3132929,24.5233231
那羅山,新北市,烏來區,121.239901,24.6886731
烏來山,新北市,烏來區,121.3100171,24.6676416
鎮子堡,新北市,烏來區,121.2898321,24.5866791
馬洋山,新北市,烏來區,121.2775141,24.5014401
尖石山,新北市,烏來區,121.2276374,24.7074716
東穗山,新北市,烏來區,121.266903,24.6536571
卡保山,新北市,瑞芳/貢寮區,121.483796,24.8178421
林望眼山,新北市,烏來區,121.4913511,24.7812691
竹頭角山,新北市,烏來區,121.311717,24.7865661
良羽鳥山,新北市,烏來區,121.3440467,24.7781484
待矢負山,新北市,烏來區,121.3797669,24.7577736
南插天山,新北市,烏來區,121.4122341,24.7606273
防列區山,新北市,烏來區,121.336293,24.7295841
鷹山,新北市,烏來區,121.371498,24.7099141
拉拉山,新北市,烏來區,121.434113,24.730383
埤谷山,新北市,烏來區,121.420589,24.6917141
馬崙砲台,新北市,烏來區,121.3952037,24.6845365
東保津寒山,新北市,烏來區,121.4035099,24.5683611
扇子排山,桃園市,復興區,121.141926,24.6376011
鬼澤山,桃園市,復興區,121.1227011,24.6146361
馬惱山,南投縣,仁愛鄉,121.3629101,24.492522
野馬瞰山,桃園市,復興區,121.1154617,24.5269911
養老山,新北市,烏來區,121.264241,24.5678731
佐藤山,桃園市,復興區,121.1977023,24.5373331
哈堪尼山,桃園市,復興區,121.0352151,24.5126969
麥巴來山,桃園市,復興區,121.178857,24.5907751
內鳥嘴山,新北市,烏來區,121.2983561,24.7310851
高台山,新北市,烏來區,121.2254431,24.6541971
向天湖山,桃園市,復興區,121.1662437,24.6681011
虎禮山,新北市,烏來區,121.336712,24.6210511
東泰野寒山,新北市,烏來區,121.340066,24.5866511
唐穗山,新北市,烏來區,121.4162429,24.6023332
溪洲山,新北市,淡水/三芝區,121.2771898,24.8244512
香本山,南投縣,仁愛鄉,121.391414,24.4827281
南馬洋山,南投縣,仁愛鄉,121.279028,24.4945281
羅閑山,南投縣,仁愛鄉,121.357955,24.3135651
東捫岡山,南投縣,仁愛鄉,121.2888067,24.2443451
新鞋山,南投縣,仁愛鄉,121.38695,24.3207481
羅葉尾山,南投縣,仁愛鄉,121.326915,24.3988121
遠多志山,南投縣,仁愛鄉,121.3704548,24.2846817
武加加難山,南投縣,仁愛鄉,121.2486181,24.3176861
邊吉岩山,南投縣,仁愛鄉,121.344429,24.4822841
茶岩山,南投縣,仁愛鄉,121.3223489,24.2806441
塚呂馬布山,南投縣,仁愛鄉,121.437874,24.4332141
馬武霸山,南投縣,仁愛鄉,121.2849549,24.3509661
佐得寒山,南投縣,仁愛鄉,121.356413,24.4386061
審馬陣山,南投縣,仁愛鄉,121.417492,24.3801643
多加屯山,南投縣,仁愛鄉,121.3811518,24.3677387
多門山,南投縣,仁愛鄉,121.5195211,24.4824641
南湖北山,南投縣,仁愛鄉,121.4372559,24.3836701
武那志山,南投縣,仁愛鄉,121.5694466,24.3178181
府塔山,南投縣,仁愛鄉,121.4596319,24.4147411
檜山,南投縣,仁愛鄉,121.5507373,24.4571483
馬比杉山,南投縣,仁愛鄉,121.4856375,24.3482252
北南山,南投縣,仁愛鄉,121.615508,24.3187781
敷島山,南投縣,仁愛鄉,121.524348,24.389113
巴巴山,南投縣,仁愛鄉,121.4378289,24.3423911
霧覽山,南投縣,仁愛鄉,121.472528,24.4345171
芳北山,南投縣,仁愛鄉,121.5588891,24.3923431
馬望峰,南投縣,仁愛鄉,121.5968901,24.3882241
束穗山,南投縣,仁愛鄉,121.4862629,24.378585
清花山,南投縣,仁愛鄉,121.5713379,24.358164
巴奈良山,南投縣,仁愛鄉,121.519907,24.3717521
波浪山,南投縣,仁愛鄉,121.5183158,24.3098131
高律山,南投縣,仁愛鄉,121.5452841,24.3376421
琴山,南投縣,仁愛鄉,121.638937,24.3503361
銘山,南投縣,仁愛鄉,121.5958121,24.4600581
麻加蘭山,南投縣,仁愛鄉,121.621331,24.3793811
俚與邊山,南投縣,仁愛鄉,121.6283601,24.4464011
袋角山,南投縣,仁愛鄉,121.436304,24.251282
杜鉾山,南投縣,仁愛鄉,121.3865623,24.1481594
椎巴宇山,南投縣,仁愛鄉,121.436324,24.2314889
魯翁山,南投縣,仁愛鄉,121.4114109,24.1997911
甘薯峰,南投縣,仁愛鄉,121.3898579,24.2904781
朝暾山,南投縣,仁愛鄉,121.5319181,24.2435321
加卑里山,南投縣,仁愛鄉,121.36578,24.1836689
焦土山,南投縣,仁愛鄉,121.425719,24.1732077
砂山,南投縣,仁愛鄉,121.558052,24.2267331
三池山,南投縣,仁愛鄉,121.451429,24.2836851
比林山,南投縣,仁愛鄉,121.5381329,24.2800131
鈴鳴山,南投縣,仁愛鄉,121.3516629,24.2443721
萩坂山,南投縣,仁愛鄉,121.4645251,24.1897171
南神山,南投縣,仁愛鄉,121.4657349,24.1624582
大斷崖山,南投縣,仁愛鄉,121.54691,24.1832561
曉星山,南投縣,仁愛鄉,121.6151991,24.2737771
雞鳴山,南投縣,仁愛鄉,121.495367,24.2712971
鍛鍊山,南投縣,仁愛鄉,121.5329578,24.2083779
北東眼山,臺中市,和平區,121.1287161,24.0739334
有勝山,臺中市,和平區,121.063499,24.0732234
梅松山,南投縣,仁愛鄉,121.233728,24.1497107
八東山,臺中市,和平區,121.0949496,24.114898
濁水山,臺中市,和平區,121.0675891,24.1210005
檜山,臺中市,和平區,121.0713223,24.1499559
別毛山,臺中市,和平區,120.9756803,24.0898839
烏來山,臺中市,和平區,120.911613,24.101554
小出山,臺中市,和平區,121.0226137,24.0616991
眉原山,臺中市,和平區,120.988582,24.1144391
橫嶺山,臺中市,和平區,120.9405558,24.2290694
遠藤山,臺中市,和平區,120.9511722,24.3076409
觀音山,臺中市,和平區,120.9264702,24.2784314
雪山坑山,臺中市,和平區,120.9568405,24.3392001
百川山,臺中市,和平區,120.9939745,24.3061337
百志興保山,臺中市,和平區,121.006621,24.3282381
基隆山,臺中市,和平區,121.0635184,24.171717
塔班山,臺中市,和平區,121.166929,24.2244361
馬來山,臺中市,和平區,121.0836671,24.2295281
比壽潭山,臺中市,和平區,121.142278,24.2389221
吹上山,臺中市,和平區,121.1930889,24.2507971
平石山,臺中市,和平區,121.048873,24.2508261
宇羅尾山,臺中市,和平區,121.1092771,24.2597201
北三錐山,臺中市,和平區,121.067614,24.2742331
太木山,臺中市,和平區,121.158795,24.2768681
雪關山,南投縣,仁愛鄉,121.2102401,24.2772731
唐呂山,臺中市,和平區,121.1169699,24.2912309
知馬漢山,臺中市,和平區,121.0865291,24.3053908
帽子山,臺中市,和平區,121.135028,24.3082801
拾丸山,臺中市,和平區,121.063288,24.3147081
釜碗山,臺中市,和平區,121.16362,24.3324931
火石山,臺中市,和平區,121.1751151,24.3819401
東洗水山,臺中市,和平區,121.024776,24.446712
佳仁山,臺中市,和平區,121.078779,24.4408371
北坑山,臺中市,和平區,121.0407181,24.4655086
榛山,臺中市,和平區,121.1081451,24.4785701
班山,臺中市,和平區,121.1508599,24.4754021
三榮山,臺中市,和平區,121.1797769,24.4570315
大安山,臺中市,和平區,121.182572,24.412158
西勢山,臺中市,和平區,121.110004,24.3867381
能甲山,臺中市,和平區,121.1334869,24.4290339
東陽山,臺中市,和平區,121.1049771,24.412127
老松山,臺中市,和平區,121.054017,24.3967451
南坑山,臺中市,和平區,120.997909,24.3647711
無名山,臺中市,和平區,121.035966,24.36671
司馬限山,臺中市,和平區,120.9561141,24.3996504
洗水山,臺中市,和平區,120.9578711,24.4345131
南勢山,臺中市,和平區,120.9236497,24.4078471
橫龍山,臺中市,和平區,120.963701,24.4852911
虎山,臺中市,和平區,120.994896,24.482963
上島山,臺中市,和平區,120.9846029,24.4600201
戶亞宇山,屏東縣,霧台鄉,120.6781596,22.5462807
文丁山,屏東縣,霧台鄉,120.6919521,22.567886
吐蛇流山,屏東縣,霧台鄉,120.7182911,22.5775321
來社山,屏東縣,霧台鄉,120.7213622,22.5474549
茶仁山,屏東縣,霧台鄉,120.7495911,22.5345911
峠山,屏東縣,霧台鄉,120.7168236,22.507501
句奈山,屏東縣,霧台鄉,120.747155,22.4787971
密老老山,屏東縣,霧台鄉,120.831928,22.5837281
呵阿呂安山,屏東縣,霧台鄉,120.907246,22.6234461
把宇森山,屏東縣,霧台鄉,120.7794451,22.590418
斗里斗里山,屏東縣,霧台鄉,120.82874,22.6372785
規那山,屏東縣,霧台鄉,120.9412801,22.6322081
中之山,屏東縣,霧台鄉,120.9169019,22.678019
大南山,屏東縣,霧台鄉,120.996823,22.7637081
境界山,屏東縣,霧台鄉,120.8550919,22.7177911
松山,屏東縣,霧台鄉,120.8191379,22.6908871
雨山,屏東縣,霧台鄉,120.8410899,22.6738851
尖山,屏東縣,霧台鄉,120.8613551,22.6349667
加大奈山,屏東縣,霧台鄉,120.9455576,22.6990778
蓬萊山,屏東縣,霧台鄉,120.8849769,22.683042
拉戛拉戛爾山,屏東縣,霧台鄉,120.9027921,22.7391497
追分山,屏東縣,霧台鄉,121.003976,22.7268731
肯都爾山,屏東縣,霧台鄉,120.969463,22.770923
巴焦羅山,屏東縣,霧台鄉,120.909902,22.5894951
一場山,屏東縣,霧台鄉,120.8184389,22.791508
笠頂山,屏東縣,霧台鄉,120.6439581,22.6501011
井步山,屏東縣,霧台鄉,120.739026,22.7209562
白賓山,屏東縣,霧台鄉,120.6647799,22.6940969
日湯真山,屏東縣,霧台鄉,120.7037321,22.628019
朗吾呂山,屏東縣,霧台鄉,120.835738,22.767861
三地山,屏東縣,霧台鄉,120.66243,22.7425742
麻留賀山,臺東縣,海端鄉,120.7602001,22.8013361
倫原山,臺東縣,海端鄉,120.787405,22.8306661
龍母拜山,高雄市,桃源區,120.6521251,22.8422262
烏山,臺東縣,海端鄉,120.787268,22.8739391
京大山,臺東縣,海端鄉,120.7209411,22.8817207
足母山,臺東縣,海端鄉,120.730294,22.9310481
德德山,臺東縣,海端鄉,120.707168,22.9084281
吉田山,臺東縣,海端鄉,120.732389,22.9630171
鳴海山,高雄市,桃源區,120.6903854,22.9551876
御油山,臺東縣,海端鄉,120.7073441,22.9814166
大原山,高雄市,桃源區,120.6711709,22.9829995
馬里山,臺東縣,海端鄉,121.028382,22.8418671
法範山,臺東縣,海端鄉,121.0361141,22.8968903
間場山,臺東縣,海端鄉,120.9418849,22.8368951
王霸邊浦山,臺東縣,海端鄉,120.9008249,22.8040799
楓山,臺東縣,海端鄉,120.9904629,22.8726725
桃林山,臺東縣,海端鄉,120.9429283,22.9007549
阿蘭山,臺東縣,海端鄉,120.9104139,22.8314981
太兒麻山,臺東縣,海端鄉,120.9338201,22.8732181
歡喜山,臺東縣,海端鄉,120.8245006,22.8664212
拜燦山,臺東縣,海端鄉,120.8615079,22.8263412
嘉代山,臺東縣,海端鄉,120.9869831,22.9272781
優男山,臺東縣,海端鄉,120.986738,22.9096992
內本鹿山,臺東縣,海端鄉,120.8218179,22.9356671
小禿山,臺東縣,海端鄉,120.968296,22.9488361
蕪丹山,臺東縣,海端鄉,120.895835,22.9172251
拜仁士山,臺東縣,海端鄉,120.871955,22.8947461
石穗頭山,臺東縣,海端鄉,120.83321,22.8997031
常盤山,臺東縣,海端鄉,120.8834749,22.9527151
基利山,臺東縣,海端鄉,120.863849,22.9277581
猿邊山,臺東縣,海端鄉,120.898378,22.9829871
和原山,臺東縣,海端鄉,120.9247601,22.9657781
鹿寮山,臺東縣,海端鄉,121.0863408,22.9502015
鐵本山,臺東縣,海端鄉,120.8664037,23.229003
大竹溪山,高雄市,桃源區,120.6876139,23.1669899
鞍輪名山,高雄市,桃源區,120.6808367,23.1849829
濁水溪山,臺東縣,海端鄉,120.777589,23.1995088
小鞍輪名山,臺東縣,海端鄉,120.7213208,23.2064029
留佐屯山,臺東縣,海端鄉,120.8008493,23.1518681
小田原山,臺東縣,海端鄉,120.7806171,23.1154972
四社山,高雄市,桃源區,120.686215,23.1287791
斯拉巴庫山,臺東縣,海端鄉,120.8477151,23.1793811
西良母嵐山,臺東縣,海端鄉,120.7905759,23.2353158
戶比屋山基點峰,臺東縣,海端鄉,120.8431821,23.1260671
玉穗山,臺東縣,海端鄉,120.8178716,23.2007285
見睛山,臺東縣,海端鄉,120.8507579,23.0057371
尺山,臺東縣,海端鄉,120.8111282,23.0564746
孟浪山,臺東縣,海端鄉,120.8148536,23.0084901
新集山,臺東縣,海端鄉,120.777478,23.0144771
蕃里山,臺東縣,海端鄉,120.7662721,23.0434661
東龜山,高雄市,桃源區,120.684654,23.0130761
見付山,臺東縣,海端鄉,120.7439765,23.0345893
頭剪山,臺東縣,海端鄉,120.717412,23.0513371
溪南山,臺東縣,海端鄉,120.80503,23.09344
石山,臺東縣,海端鄉,120.8323959,23.0833671
東來山基點峰,臺東縣,海端鄉,120.8140121,23.0221101
美輪山,臺東縣,海端鄉,120.7085233,23.0733116
世場山,臺東縣,海端鄉,120.9246688,23.1612824
保奈具南山,臺東縣,海端鄉,120.9690487,23.168889
麻乾於巒山,臺東縣,海端鄉,120.8952977,23.1375741
海諾南山,臺東縣,海端鄉,120.911297,23.1855281
伊加之蕃山,臺東縣,海端鄉,120.8973081,23.0941281
坑頭山,臺東縣,海端鄉,120.9794838,23.1217871
周溪山,臺東縣,海端鄉,120.955044,23.0949202
真雁碗山,臺東縣,海端鄉,121.082361,23.0810181
武武奴留山,臺東縣,海端鄉,121.0704654,23.1985242
贊雅樂山,臺東縣,海端鄉,121.0142899,23.0583471
尖石山,臺東縣,海端鄉,120.984781,23.0695821
白松山,臺東縣,海端鄉,120.97799,23.0376722
加奈鹿山,臺東縣,海端鄉,121.1036252,23.0377757
呂禮山,臺東縣,海端鄉,120.927926,23.0310891
佐美姬山,臺東縣,海端鄉,120.9728599,22.9952141
樂樂山,臺東縣,海端鄉,121.04568,23.0746412
本古山,臺東縣,海端鄉,121.1380851,23.0911958
真妻子山,臺東縣,海端鄉,121.087905,23.1074301
羽美山,臺東縣,海端鄉,121.096898,23.1571691
新武路山,臺東縣,海端鄉,121.137941,23.1203811
東崙天山,臺東縣,海端鄉,121.1950051,23.1918439
背戶庵山,臺東縣,海端鄉,121.1708761,23.10411
西崙天山,臺東縣,海端鄉,121.156155,23.1854742
北霞山,臺東縣,海端鄉,120.8177555,23.4495831
八溪山,臺東縣,海端鄉,120.8498199,23.387385
魔界碗山,臺東縣,海端鄉,120.888728,23.3535851
獅子尾山,臺東縣,海端鄉,120.835718,23.3047481
玉德山,臺東縣,海端鄉,120.9389889,23.3543691
荖濃山,臺東縣,海端鄉,120.8663869,23.3131602
多尾蘭山,臺東縣,海端鄉,120.936306,23.3198871
向榮山,臺東縣,海端鄉,120.980992,23.2474731
南霞山,臺東縣,海端鄉,120.8128531,23.3797751
脈脈山,臺東縣,海端鄉,120.773387,23.4005032
二溪山,臺東縣,海端鄉,120.7417859,23.3058599
東小南山,臺東縣,海端鄉,120.963353,23.4390982
鹿山,臺東縣,海端鄉,120.9886179,23.4506311
雞子山,臺東縣,海端鄉,120.795121,23.4009531
五溪山,臺東縣,海端鄉,120.8093846,23.330156
六溪山,臺東縣,海端鄉,120.8292451,23.3568967
多陽山,臺東縣,海端鄉,120.7365383,23.3836218
新素左屈,臺東縣,海端鄉,120.8947061,23.3890862
四溪山,臺東縣,海端鄉,120.7794319,23.3219527
矢場谷山,高雄市,桃源區,120.6999339,23.3612929
石水山,臺東縣,海端鄉,120.8705527,23.4527126
曲積山,臺東縣,海端鄉,120.7170432,23.2434879
高庭山,臺東縣,海端鄉,120.7402469,23.2760399
飭山,臺東縣,海端鄉,120.7689709,23.2711749
良楠山,臺東縣,海端鄉,120.80223,23.2641341
南澳嶺北峰,南投縣,仁愛鄉,121.832036,24.4812821
魯培山,新北市,烏來區,121.42307,24.7617844
多加屯山前峰,南投縣,仁愛鄉,121.375167,24.3692633
石𥕢山西峰,新北市,瑞芳/貢寮區,121.715921,24.9002553
梳妝頭山,新北市,瑞芳/貢寮區,121.7672962,24.9125271
目五寮山,新北市,瑞芳/貢寮區,121.707417,24.8849291
乾溝山,新北市,瑞芳/貢寮區,121.629523,24.9131041
呂奔山北峰,新北市,瑞芳/貢寮區,121.606499,24.8744251
姑婆寮山,新北市,瑞芳/貢寮區,121.6866699,24.8498682
西丘斯山,新北市,烏來區,121.3860921,24.5876351
萱源山,新北市,烏來區,121.4211771,24.6603191
光葷山,新北市,烏來區,121.3874479,24.6608896
夫婦山西峰,新北市,烏來區,121.3782399,24.7254291
新興山,新北市,烏來區,121.4116551,24.6430822
小烏來山,新北市,烏來區,121.3742251,24.7910431
卡外山,新北市,瑞芳/貢寮區,121.4046497,24.8193237
拉卡山,新北市,瑞芳/貢寮區,121.4367831,24.8124251
赫威山,新北市,瑞芳/貢寮區,121.425664,24.8000591
義興山,新北市,烏來區,121.391499,24.7747651
榮華山,新北市,烏來區,121.3425359,24.7494696
嘎色鬧山,新北市,烏來區,121.3310144,24.7690497
上宇內山,新北市,烏來區,121.4114961,24.7812481
霞山東南峰,新北市,烏來區,121.220368,24.5998831
鹿場大山北峰,臺中市,和平區,121.0712976,24.4995173
南大龜山,桃園市,復興區,121.0241106,24.5539971
西油羅山,桃園市,復興區,121.1563401,24.6356742
上坪山,桃園市,復興區,121.117059,24.6530041
面托油山西峰,桃園市,復興區,121.114107,24.5672163
比林山東北峰,桃園市,復興區,121.0934201,24.554536
高台山北峰,新北市,烏來區,121.224102,24.6708662
煤源山,新北市,烏來區,121.2520698,24.7045641
內橫屏山西南峰,桃園市,復興區,121.1928501,24.6789901
內橫屏山東北峰,新北市,烏來區,121.2083081,24.6920331
萊園坪山,桃園市,復興區,120.9686343,24.5385465
觀音山,桃園市,復興區,120.9543007,24.5229649
大湳山,桃園市,復興區,120.968524,24.5246601
北橫龍山,桃園市,復興區,120.979519,24.5016351
三角湖山,桃園市,復興區,121.0400028,24.5870652
鵝公髻山西南峰,桃園市,復興區,121.05951,24.6017161
陸隘寮山,桃園市,復興區,121.055272,24.6178181
蕃婆石山,桃園市,復興區,121.034316,24.6043764
向天湖山,桃園市,復興區,121.027012,24.5669727
山羊山,桃園市,復興區,121.0336859,24.5331271
鹿坑山,桃園市,復興區,121.06696,24.5229541
加里山東南峰,臺中市,和平區,121.026208,24.4986531
桂林坑山,苗栗縣,泰安鄉,120.8671383,24.3431075
象山,苗栗縣,泰安鄉,120.8877033,24.3181471
白布帆山,苗栗縣,泰安鄉,120.8883541,24.3023221
永安山,臺中市,和平區,120.981801,24.3358081
南坑山西峰,臺中市,和平區,120.9837734,24.3649271
永安山西北峰,臺中市,和平區,120.97728,24.3451478
百志興保山北峰,臺中市,和平區,121.005458,24.3306704
虎山西南峰,臺中市,和平區,120.9818001,24.4784509
熊佧山,臺中市,和平區,120.937626,24.4197262
南橫龍山,臺中市,和平區,120.961442,24.4745401
西橫龍山,臺中市,和平區,120.954856,24.4855751
南坑山西北峰,臺中市,和平區,120.9864508,24.3700278
雪山坑山北峰,臺中市,和平區,120.9549969,24.3504279
司令山,臺中市,和平區,120.9070001,24.3458011
蘇魯山東峰,苗栗縣,泰安鄉,120.8938169,24.3619891
大克山東北峰,臺中市,和平區,120.911163,24.3321852
馬那邦山南峰,臺中市,和平區,120.9185781,24.3499252
士林山,臺中市,和平區,120.9361195,24.3485949
南勢山東南峰,臺中市,和平區,120.9282429,24.4015185
二本松山,臺中市,和平區,120.9862464,24.3935993
東中嵙山,苗栗縣,泰安鄉,120.870854,24.2540482
清水山,花蓮縣,秀林鄉,120.9640529,23.6464601
關門山,花蓮縣,秀林鄉,121.2323349,23.6766111
馬利加南山,花蓮縣,秀林鄉,121.1171729,23.5215731
丹大山,花蓮縣,秀林鄉,121.2134398,23.6004011
帖鹿桑山,花蓮縣,秀林鄉,121.1280846,23.7574716
北潭南山,花蓮縣,秀林鄉,120.9337379,23.8383721
銃櫃山,花蓮縣,秀林鄉,120.8914607,23.8221174
草塌仔山,花蓮縣,秀林鄉,120.8822249,23.8657471
八通關山,臺東縣,海端鄉,121.0096019,23.4901972
三角崙山,花蓮縣,秀林鄉,120.8905478,23.9727069
馬路巴拉讓山西峰,花蓮縣,秀林鄉,121.1787009,23.5827071
白不仔山,花蓮縣,秀林鄉,120.8367759,23.7138991
內茅埔山,花蓮縣,秀林鄉,120.8662789,23.6977791
十八重溪口山,花蓮縣,秀林鄉,120.8857339,23.6539445
西關刀山東南東峰,花蓮縣,秀林鄉,121.0090879,23.9900664
阿作山,花蓮縣,秀林鄉,120.9328889,23.8056881
南東眼山南峰,臺中市,和平區,121.0958211,24.0327961
關頭山北峰,臺中市,和平區,121.1027119,24.0013251
埋石山,花蓮縣,秀林鄉,121.079208,23.9802131
北山坑山,苗栗縣,泰安鄉,120.8686781,24.008838
頂猴洞山南峰,臺中市,和平區,120.9746198,24.030978
西關刀山北峰,臺中市,和平區,121.0056679,24.01691
眉原山東南峰,臺中市,和平區,120.9986065,24.0938811
九仙山西南峰,臺中市,和平區,121.066771,24.1668472
阿冷山東南峰,臺中市,和平區,120.9548449,24.1253491
八仙山西南峰,臺中市,和平區,121.0059107,24.1393014
東勢坑山,嘉義縣,阿里山鄉,120.7607608,23.8498891
北勢坑山,花蓮縣,秀林鄉,120.8005578,23.8510261
五城口山,花蓮縣,秀林鄉,120.8825028,23.8828571
槌仔寮山,花蓮縣,秀林鄉,120.905113,23.9058321
五城山,花蓮縣,秀林鄉,120.8954619,23.8921961
火培坑山,花蓮縣,秀林鄉,120.8906718,23.9110251
大舌滿山,花蓮縣,秀林鄉,120.8929239,23.840094
向山,花蓮縣,秀林鄉,120.9029821,23.8455916
比雅安山,花蓮縣,秀林鄉,120.9971515,23.8129176
墘峰,苗栗縣,泰安鄉,120.8180256,24.0294936
佟可山,花蓮縣,秀林鄉,121.1584619,23.6667881
伊巴厚山西南峰,花蓮縣,秀林鄉,121.0635449,23.6546541
無雙山基點峰,花蓮縣,秀林鄉,121.0571492,23.591011
裏門山,花蓮縣,秀林鄉,121.1381563,23.5952478
對關山,花蓮縣,秀林鄉,120.9814688,23.5426002
松風山,臺中市,和平區,121.0294922,24.0923109
慈峰,臺中市,和平區,121.1870609,24.122794
青潭山,花蓮縣,秀林鄉,120.8273081,23.8832244
鄉親寮山,花蓮縣,秀林鄉,120.8444469,23.9053362
崁斗山,花蓮縣,秀林鄉,120.8366874,23.9671706
南水頭山,花蓮縣,秀林鄉,121.0041379,23.9011467
十二份山,花蓮縣,秀林鄉,120.8579521,23.9588911
屯原山,南投縣,仁愛鄉,121.2072597,24.0513941
南觸口山,嘉義縣,阿里山鄉,120.6438135,23.735345
番子田,嘉義縣,阿里山鄉,120.7279676,23.6503253
烏石坑山,臺中市,和平區,120.980144,24.2801341
岳亞那山,臺東縣,海端鄉,120.7097633,23.3843189
兒玉山,臺東縣,海端鄉,120.8323049,23.4749151
南頂坪林山,高雄市,桃源區,120.623807,23.240436
白鷺山,高雄市,桃源區,120.5120583,23.3354829
凍仔嶺,高雄市,桃源區,120.6094889,23.4477401
分水嶺山,高雄市,桃源區,120.5746964,23.3632258
桶頭山,高雄市,桃源區,120.5798407,23.4052433
普亞女山,臺東縣,海端鄉,120.7433949,23.3553849
石桌山西峰,高雄市,桃源區,120.6915695,23.468584
雙林山,嘉義縣,阿里山鄉,120.7088354,23.5104221
樂野山,臺東縣,海端鄉,120.705943,23.4826443
巃頭坪山,高雄市,桃源區,120.6742312,23.4502628
石盤巃山,嘉義縣,阿里山鄉,120.6640051,23.5017339
南牛山,高雄市,桃源區,120.6656621,23.4799933
柑仔宅尾山,高雄市,桃源區,120.6531189,23.4721309
竹腳山,臺東縣,海端鄉,120.7099209,23.4557051
虱石山,臺東縣,海端鄉,120.7427199,23.4585954
出合山東峰,嘉義縣,阿里山鄉,120.7195908,23.5763681
祝山,花蓮縣,秀林鄉,120.8231939,23.5113009
茅山,高雄市,桃源區,120.6515679,23.2083922
南青倉山,高雄市,桃源區,120.6158135,23.2061152
槓頂山,高雄市,桃源區,120.5405818,23.0987251
吳酒桶頭山南峰,高雄市,桃源區,120.5595091,23.0767923
南龜丹山,高雄市,桃源區,120.5075033,23.1241565
麻竹湖山,高雄市,桃源區,120.5396782,23.1726379
灣丘山,高雄市,桃源區,120.5250251,23.1864101
拉比嶺山,高雄市,桃源區,120.6779429,23.2607079
二寮坑山,高雄市,桃源區,120.6442833,23.266523
中坑山,高雄市,桃源區,120.4580871,23.2178151
水寮山,高雄市,桃源區,120.6375629,23.3075318
阿里關山,高雄市,桃源區,120.5893688,23.1250659
小林山,高雄市,桃源區,120.6241551,23.1655082
大崩逢山,高雄市,桃源區,120.611858,22.9162821
二集團山,臺東縣,海端鄉,120.7267541,23.0583219
番子寮山主峰,高雄市,桃源區,120.664601,23.1183522
羌埔山,高雄市,桃源區,120.6073943,23.1001811
東阿里關山,高雄市,桃源區,120.6205601,23.13219
尾寮山前峰,高雄市,桃源區,120.6462771,22.8767156
西龜山,高雄市,桃源區,120.6746031,23.0039146
寶山,臺東縣,海端鄉,120.704102,23.0404931
排剪山,臺東縣,海端鄉,120.716343,23.143166
塔羅留山,臺東縣,海端鄉,120.734944,23.1615741
蘇羅埔山,臺東縣,海端鄉,120.7063631,23.0881861
桃源山,臺東縣,海端鄉,120.7591807,23.1746196
歐帕喀爾山,臺東縣,海端鄉,120.8033758,23.1911345
拉克斯山,臺東縣,海端鄉,120.8284761,23.2230161
可那部西南峰,臺東縣,海端鄉,120.7509629,23.2261359
安東昆山東北峰,臺東縣,海端鄉,120.954181,23.4064462
廣東丸山,臺東縣,海端鄉,120.909956,23.4024471
楠梓仙山,臺東縣,海端鄉,120.7795797,23.3372459
玉打山北峰,高雄市,桃源區,120.6996311,23.2846958
大肚關山,臺東縣,海端鄉,120.7505637,23.134306
南飭山,臺東縣,海端鄉,120.7648272,23.2562624
九溪山,臺東縣,海端鄉,120.8813339,23.4077721
未命名山峰,臺東縣,海端鄉,120.8574579,23.385751
蚊罩山,屏東縣,霧台鄉,120.7367489,22.1207151
大石板山,屏東縣,霧台鄉,120.797357,22.0995939
過溪山,屏東縣,霧台鄉,120.845675,22.0316021
高士山,屏東縣,霧台鄉,120.835962,22.1202531
川七山,屏東縣,霧台鄉,120.8706861,22.121733
鼻頭山,屏東縣,霧台鄉,120.8907021,22.1012771
下牡丹池山,屏東縣,霧台鄉,120.8251871,22.1515289
溪仔口山,屏東縣,霧台鄉,120.8806351,22.020194
魚蘭濫山,屏東縣,霧台鄉,120.8631751,22.0912221
上牡丹東山,屏東縣,霧台鄉,120.8592141,22.1845581
著地螺留山,屏東縣,霧台鄉,120.7095047,22.4408915
北里龍山,屏東縣,霧台鄉,120.7348932,22.1865835
新路山,屏東縣,霧台鄉,120.7183071,22.2087739
里龍下山,屏東縣,霧台鄉,120.7019781,22.1745911
耆古巴林山東峰,屏東縣,霧台鄉,120.8282111,22.2392561
巴層巴墨山,屏東縣,霧台鄉,120.7146574,22.2972806
武潭山,屏東縣,霧台鄉,120.6451261,22.5611659
旗鹽主山,屏東縣,霧台鄉,120.7464641,22.6555961
西大武山,屏東縣,霧台鄉,120.725186,22.6186459
尖山,屏東縣,霧台鄉,120.7155641,22.1114811
虱母山,屏東縣,霧台鄉,120.7541821,22.1126101
四重溪,屏東縣,霧台鄉,120.746442,22.0965822
張十六山,屏東縣,霧台鄉,120.7524491,22.1337141
張十九山,屏東縣,霧台鄉,120.778935,22.1481935
達洼蘭山,臺東縣,海端鄉,120.7221721,22.8092411
莎卡蘭山,屏東縣,霧台鄉,120.669785,22.7754061
德社山,屏東縣,霧台鄉,120.6735645,22.7950458
虎背山,新北市,瑞芳/貢寮區,121.6791489,24.8026671
牛鬥山,宜蘭縣,大同鄉,121.5936216,24.638386
清水湖山,宜蘭縣,大同鄉,121.60314,24.6521781
野分山,宜蘭縣,大同鄉,121.715611,24.6249661
大湖山,宜蘭縣,大同鄉,121.7157265,24.6473897
米羅山,南投縣,仁愛鄉,121.374396,24.453499
琴山南峰,南投縣,仁愛鄉,121.643175,24.3444501
倫太文山,花蓮縣,秀林鄉,121.2771998,23.6422951
苳苳園山,臺東縣,海端鄉,121.2186811,23.2441782
僕落西擴山,花蓮縣,秀林鄉,121.1458049,23.5543451
沙武巒山,花蓮縣,秀林鄉,121.2502789,23.5706
未命名山峰,臺東縣,海端鄉,121.352842,23.2320331
烏帽子山,臺東縣,海端鄉,121.37693,23.2922322
馬久答山,臺東縣,海端鄉,121.4081758,23.3956192
大古嶺,臺東縣,海端鄉,121.3531407,23.360738
新瑞山,花蓮縣,秀林鄉,121.4529787,23.5426085
未命名山峰,臺東縣,海端鄉,121.2919851,23.1302461
原灣山,臺東縣,海端鄉,121.3450046,23.3245177
納納山,臺東縣,海端鄉,121.4742569,23.4560911
大港山,臺東縣,海端鄉,121.4779169,23.4815801
大魯木山,臺東縣,海端鄉,121.1879389,23.4167661
可可爾博山,臺東縣,海端鄉,121.1552889,23.3161631
馬西巴秀山,臺東縣,海端鄉,120.8891813,23.1103832
荖溪山,花蓮縣,秀林鄉,121.4811221,23.8872889
加禮宛山,南投縣,仁愛鄉,121.5605858,24.0432422
金雁山,南投縣,仁愛鄉,121.7244212,24.2482191
拔子山,花蓮縣,秀林鄉,121.3321534,23.6090238
三望山,花蓮縣,秀林鄉,121.5088849,23.6478881
大石鼻山,花蓮縣,秀林鄉,121.5519903,23.6980106
新社山北峰,花蓮縣,秀林鄉,121.5382419,23.6687431
蕃薯寮山,花蓮縣,秀林鄉,121.5400733,23.734191
東月眉山,花蓮縣,秀林鄉,121.576695,23.8459271
滑山,花蓮縣,秀林鄉,121.5809368,23.8582565
烏拉力山,花蓮縣,秀林鄉,121.4233039,23.5032581
南奇密山,花蓮縣,秀林鄉,121.4501281,23.5153141
熨斗山,臺東縣,海端鄉,121.4345579,23.4912911
北秀巒山,臺東縣,海端鄉,121.2397366,23.2359861
石壁山東峰,臺東縣,海端鄉,121.2316533,23.1977924
安土堀前山,臺東縣,海端鄉,121.300655,23.1932661
東崙天山前峰,臺東縣,海端鄉,121.1991071,23.1751858
環流丘峰,南投縣,仁愛鄉,121.440593,24.1738321
嘉武山,臺東縣,海端鄉,121.181459,23.0239312
泥水溪山,臺東縣,海端鄉,121.213229,23.0634771
和原山北峰,臺東縣,海端鄉,120.9282671,22.9922851
西老山,屏東縣,霧台鄉,120.8789763,22.4213969
麻荖漏山東峰,臺東縣,海端鄉,121.3468481,23.1362491
赤門溪山東峰,臺東縣,海端鄉,121.4067829,23.2913581
石坑山,臺東縣,海端鄉,121.4366409,23.3405031
七塊厝山,臺東縣,海端鄉,121.2009751,22.9471413
妙劍山,臺東縣,海端鄉,121.221237,22.9852351
即哈那拉山,臺東縣,海端鄉,121.2502491,22.9353661
堵開埔山南峰,臺東縣,海端鄉,121.2643296,23.1041587
鱉溪山,臺東縣,海端鄉,121.284845,23.1066611
德高老山,臺東縣,海端鄉,121.2870269,23.0608772
新港南溪山,臺東縣,海端鄉,121.3399031,23.1165331
泰平山,臺東縣,海端鄉,121.0998712,22.9284208
呂禮山中峰(基點峰),臺東縣,海端鄉,120.929185,23.0357301
石公厝山,臺東縣,海端鄉,121.224829,23.0545872
寶華山,臺東縣,海端鄉,121.1971021,22.9881352
鸞山,臺東縣,海端鄉,121.153925,22.9053094
利基利基山西峰,臺東縣,海端鄉,121.1558836,22.8567287
泰源山,臺東縣,海端鄉,121.291676,22.9905011
射馬干山北峰,屏東縣,霧台鄉,121.0282239,22.7443851
西規那山,屏東縣,霧台鄉,120.9225111,22.6302602
剎剎加倫山,屏東縣,霧台鄉,120.8982715,22.4989968
突角山,屏東縣,霧台鄉,120.9008218,22.5278529
土坂山,屏東縣,霧台鄉,120.9023817,22.4493671
大西山,屏東縣,霧台鄉,120.8662712,22.3485264
伊喬莫山,屏東縣,霧台鄉,120.856717,22.3738132
著家拉山,屏東縣,霧台鄉,120.839075,22.404375
南田山,屏東縣,霧台鄉,120.8861261,22.2829881
森永山,屏東縣,霧台鄉,120.878937,22.2793021
下香蘭山,屏東縣,霧台鄉,120.988234,22.588257
北絲鬮山,臺東縣,海端鄉,121.115366,22.8484389
岩灣山,臺東縣,海端鄉,121.105482,22.827964
小黃山,臺東縣,海端鄉,121.1219941,22.823764
擺子南山,臺東縣,海端鄉,121.1331856,22.8725012
北五指山,桃園市,復興區,121.086317,24.679459
石頭坑山,新北市,淡水/三芝區,121.0727509,24.8035321
蕃子寮山,桃園市,復興區,120.9144946,24.5590778
高尖山,苗栗縣,泰安鄉,120.688161,24.4433271
赤科坪山,桃園市,復興區,120.9992241,24.6891991
八卦山,苗栗縣,泰安鄉,120.5540911,24.079676
寮水山,苗栗縣,泰安鄉,120.7666181,24.2177071
象山,桃園市,復興區,120.995244,24.6212781
上果作園山,桃園市,復興區,120.903584,24.6313551
快官山,苗栗縣,泰安鄉,120.6108067,24.0459517
圓子山,苗栗縣,泰安鄉,120.725715,24.4590401
犁頭山,新北市,淡水/三芝區,121.0456096,24.8212904
七塊山,苗栗縣,泰安鄉,120.752479,24.3162409
車籠山,苗栗縣,泰安鄉,120.7499408,24.1028541
石頂山,桃園市,復興區,120.8484631,24.6300311
牛埔山,桃園市,復興區,120.944413,24.7848911
柴梳山,桃園市,復興區,121.0199929,24.792711
大薰山,桃園市,復興區,120.788648,24.5086061
員屯山,苗栗縣,泰安鄉,120.7952711,24.4683321
三角山,苗栗縣,泰安鄉,120.7862179,24.4206921
萬斗山,嘉義縣,阿里山鄉,120.7241548,23.883261
濁水山,嘉義縣,阿里山鄉,120.7158559,23.843547
坪埔厝山,屏東縣,霧台鄉,120.6498321,22.3357226
藤湖山,嘉義縣,阿里山鄉,120.7200609,23.7757851
員山,嘉義縣,阿里山鄉,120.6895389,23.6899281
樟湖山,嘉義縣,阿里山鄉,120.6353137,23.6154921
梅島山,臺中市,和平區,120.9272861,24.0636652
岩子頂山,高雄市,桃源區,120.5287771,23.1473531
新厝山,嘉義縣,阿里山鄉,120.618169,23.6894474
鳥子嶺,高雄市,桃源區,120.467251,23.2095572
江西林山,嘉義縣,阿里山鄉,120.6867269,23.7684101
荷苞山,嘉義縣,阿里山鄉,120.5844939,23.6596572
頂埔山,高雄市,桃源區,120.5251889,23.4056508
柑子湖山,高雄市,桃源區,120.5665629,23.4117359
中坑山,嘉義縣,阿里山鄉,120.5196499,23.5823501
梅山觀音山,嘉義縣,阿里山鄉,120.5784287,23.5833766
望頭山,高雄市,桃源區,120.6620663,22.9973414
包尾山,嘉義縣,阿里山鄉,120.7120798,23.9122361
后山,高雄市,桃源區,120.6192693,23.0000298
山子頂山,高雄市,桃源區,120.4894397,23.4800445
獅頭山,高雄市,桃源區,120.655721,23.0155382
大山,高雄市,桃源區,120.3565991,23.1398381
半天寮山,高雄市,桃源區,120.4830089,23.3736288
萬金山,屏東縣,霧台鄉,120.629656,22.6074881
斗六山,高雄市,桃源區,120.4630203,23.1561407
內埔山,高雄市,桃源區,120.5731389,23.4405759
二尖山,高雄市,桃源區,120.4964514,23.24773
大埔山,嘉義縣,阿里山鄉,120.5683239,23.5046431
鹿坪山,高雄市,桃源區,120.4833273,23.2936951
牛埔山,高雄市,桃源區,120.4954841,23.0843671
坑山,嘉義縣,阿里山鄉,120.5245681,23.512954
大尖山,高雄市,桃源區,120.4628489,23.0717631
爐芝潭山,高雄市,桃源區,120.5081559,23.1945055
弟子山,高雄市,桃源區,120.4502739,23.3376259
篤鼻山,嘉義縣,阿里山鄉,120.6465999,23.5219519
頂坑山,高雄市,桃源區,120.5438539,23.4633371
大坑山,高雄市,桃源區,120.6108517,23.499328
大埤山,高雄市,桃源區,120.4436379,23.4200777
尖峰山,高雄市,桃源區,120.4071796,22.9877117
人頭山,高雄市,桃源區,120.514711,22.9091881
東崗山,高雄市,桃源區,120.382348,22.8291011
大潭山,高雄市,桃源區,120.3417672,22.9614617
牛息山,高雄市,桃源區,120.3795011,22.9274953
月光山,高雄市,桃源區,120.5448471,22.9348181
合山,高雄市,桃源區,120.359567,23.004301
新鳥山,高雄市,桃源區,120.3634511,22.8839131
大廍庭山,高雄市,桃源區,120.437788,22.8610491
大坪山,高雄市,桃源區,120.355869,22.981698
鳳梨山,屏東縣,霧台鄉,120.3942461,22.6963669
牛長山,高雄市,桃源區,120.317188,22.987126
大坪山,高雄市,桃源區,120.5368139,22.9902519
枋寮山,高雄市,桃源區,120.5947901,23.0144121
頂山,高雄市,桃源區,120.320908,23.005017
方毒坑山,高雄市,桃源區,120.457038,22.8292461
邦埤山,高雄市,桃源區,120.388998,23.0390659
下里龍山,屏東縣,霧台鄉,120.7199251,22.16916
生仙坑山,屏東縣,霧台鄉,120.419904,22.753233
上平山,屏東縣,霧台鄉,120.3963261,22.5684951
糞枝湖,高雄市,桃源區,120.3628229,23.025805
尖山,高雄市,桃源區,120.4034701,23.2400521
高尾山,屏東縣,霧台鄉,120.4338309,22.7897301
甲仙埔山,高雄市,桃源區,120.594366,23.0707411
霧里乙南山,屏東縣,霧台鄉,120.6917271,22.3057541
大寮山,高雄市,桃源區,120.620996,23.0158482
赤牛嶺,屏東縣,霧台鄉,120.768838,21.9891601
獅子獅山,屏東縣,霧台鄉,120.9067091,22.3998891
志羅億山,臺東縣,海端鄉,121.298803,22.9720441
三貢嶺山,新北市,瑞芳/貢寮區,121.639649,24.9949691
北烏漏山,花蓮縣,秀林鄉,121.3944449,23.5445401
彭子存山,臺東縣,海端鄉,121.410408,23.2663041
竹湖山,臺東縣,海端鄉,121.4119209,23.2867941
埤子頭山,屏東縣,霧台鄉,120.6253911,22.6856011
掃別山,臺東縣,海端鄉,121.4212039,23.3090281
長濱山,臺東縣,海端鄉,121.4556871,23.3224651
里壠山,臺東縣,海端鄉,121.151824,23.0286131
青蛇山,屏東縣,霧台鄉,121.5428691,22.0597501
公頂山,臺東縣,海端鄉,121.2370787,23.1271322
北都威山,臺東縣,海端鄉,121.388758,23.2075441
魚衡山,新北市,瑞芳/貢寮區,121.6006029,24.9985491
脹脹埔山,臺東縣,海端鄉,121.2528108,23.1471224
都威山,臺東縣,海端鄉,121.3834061,23.1980832
利基利基山,臺東縣,海端鄉,121.151197,22.8103949
新港下山,臺東縣,海端鄉,121.37147,23.1140131
寧埔山,臺東縣,海端鄉,121.406383,23.2504931
銅文山,花蓮縣,秀林鄉,121.5306441,23.9270132
水母丁南山,臺東縣,海端鄉,121.4627369,23.3906001
東都南崗山,臺東縣,海端鄉,121.18353,22.8658921
源茂山,新北市,瑞芳/貢寮區,121.733426,24.9173221
下安通山,臺東縣,海端鄉,121.3315361,23.2839951
大竹高山,屏東縣,霧台鄉,120.928412,22.4407271
加萊坑山,花蓮縣,秀林鄉,121.4046484,23.5881123
小南港山,新北市,瑞芳/貢寮區,121.6234297,25.0531969
北港山,新北市,瑞芳/貢寮區,121.635979,25.1045361
烏石鼻山,臺東縣,海端鄉,121.404056,23.2372541
鵲子山,新北市,瑞芳/貢寮區,121.76733,24.850237
西姑子律山,臺東縣,海端鄉,121.4781502,23.4186866
大圓山,屏東縣,霧台鄉,120.8154881,21.9388421
高士佛山,屏東縣,霧台鄉,120.81424,22.1330161
牡丹山,屏東縣,霧台鄉,120.8013852,22.1548095
馬鞍山,屏東縣,霧台鄉,120.75773,21.9618171
豬母水山,嘉義縣,阿里山鄉,119.5866586,23.5113304
觀音鼻,屏東縣,霧台鄉,120.8904462,22.2362366
龜呵吠山,屏東縣,霧台鄉,120.8076743,21.9656689
赤山,屏東縣,霧台鄉,120.3599441,22.642389
未命名山峰,屏東縣,霧台鄉,120.7712724,22.0204728
紗帽山,嘉義縣,阿里山鄉,119.5690227,23.5291411
港口,屏東縣,霧台鄉,120.8463911,22.002863
五重溪山,屏東縣,霧台鄉,120.7806281,22.1037791
九棚山,屏東縣,霧台鄉,120.8756281,22.098501
太和山,屏東縣,霧台鄉,120.8586591,22.239423
貓山,屏東縣,霧台鄉,121.1383169,22.7793039
灣潭山,新北市,瑞芳/貢寮區,121.8137221,24.9480722
九股山,宜蘭縣,大同鄉,121.8221573,24.6097859
大古山,新北市,淡水/三芝區,121.291524,25.1025171
隆隆山,新北市,瑞芳/貢寮區,121.9750077,25.0014813
尖禿山,屏東縣,霧台鄉,121.5567251,22.0738921
草山,屏東縣,霧台鄉,121.5661671,22.0637661
大竹林山,新北市,瑞芳/貢寮區,121.849427,25.0452851
鹽草林山,新北市,瑞芳/貢寮區,121.801878,24.8716222
梳妝樓山,新北市,瑞芳/貢寮區,121.768573,24.9314521
草嶺山,新北市,淡水/三芝區,121.2946899,24.844822
溪邊頂山,新北市,瑞芳/貢寮區,121.8595097,24.9333813
土地公嶺,新北市,瑞芳/貢寮區,121.5717868,25.2396478
員山,宜蘭縣,大同鄉,121.760939,24.6407361
遠望坑山,新北市,瑞芳/貢寮區,121.918407,25.0006411
蚊子坑山,新北市,瑞芳/貢寮區,121.9079201,25.1010089
苕谷坑山,新北市,瑞芳/貢寮區,121.8454131,25.0119826
磺嘴山北峰,新北市,瑞芳/貢寮區,121.603494,25.1813181
清水山,屏東縣,霧台鄉,121.5608711,22.0617062
火燒寮山,新北市,瑞芳/貢寮區,121.8348182,24.8869054
九份坑山,新北市,瑞芳/貢寮區,121.8904821,25.0419211
大暖尖山,新北市,瑞芳/貢寮區,121.42384,24.9466711
火炎山,新北市,瑞芳/貢寮區,121.9213741,25.0648891
烏塗窟山,新北市,淡水/三芝區,121.322945,24.9093901
四堵山,新北市,瑞芳/貢寮區,121.760575,24.8864791
西山,新北市,瑞芳/貢寮區,121.87906,25.0117481
嗄嘮別山,新北市,瑞芳/貢寮區,121.477649,25.1442945
崩山,新北市,瑞芳/貢寮區,121.5373964,25.2648228
樹梅嶺山,新北市,瑞芳/貢寮區,121.6796109,24.9543881
內平林山,新北市,瑞芳/貢寮區,121.8083249,25.0373381
蕃薯寮山,新北市,瑞芳/貢寮區,121.8932552,24.9548321
深澳山,新北市,瑞芳/貢寮區,121.805544,25.1303241
三方向山,新北市,瑞芳/貢寮區,121.861356,24.9635131
鶯子嶺,新北市,瑞芳/貢寮區,121.8118439,24.9064198
大崎頭山,新北市,瑞芳/貢寮區,121.5662011,24.9378321
殺蛇山,屏東縣,霧台鄉,121.5330781,22.0658191
米曲瑤山,新北市,瑞芳/貢寮區,121.7442203,24.8049175
北嶺山,高雄市,桃源區,120.418475,23.1038051
美崙山,花蓮縣,秀林鄉,121.614444,23.9929241
漯底山,屏東縣,霧台鄉,120.2527163,22.7700017
擔橫山,高雄市,桃源區,120.467465,22.8915201
大城北,嘉義縣,阿里山鄉,119.6143274,23.5605261
八卦力山,桃園市,復興區,120.943473,24.5034251
番子寮山(基點峰),高雄市,桃源區,120.656154,23.1133581
林田山,花蓮縣,秀林鄉,121.3923169,23.7886551
草山,新北市,瑞芳/貢寮區,121.8758012,25.0944171
內葉嶺,高雄市,桃源區,120.3845136,22.9499987
花東山,臺東縣,海端鄉,121.3997119,23.324814
鯉魚尾山,嘉義縣,阿里山鄉,120.6464699,23.7157011
田子山,嘉義縣,阿里山鄉,120.7114569,23.689335
頂荖濃山,高雄市,桃源區,120.668123,23.0809171
戶張山,屏東縣,霧台鄉,120.999847,22.7857051
頂岩灣四格山,臺東縣,海端鄉,121.109229,22.809982
石頭山,屏東縣,霧台鄉,121.158833,22.7924537
跋都山,臺東縣,海端鄉,121.262249,22.9603451
北絲鬮山,臺東縣,海端鄉,121.1100299,22.8645839
大孟浪山,臺東縣,海端鄉,120.805194,22.9996121
望洋山,宜蘭縣,大同鄉,121.6163011,24.5106282
阿拔泉山,嘉義縣,阿里山鄉,120.5967963,23.5446755
牛牯嶺,新北市,淡水/三芝區,120.9675978,24.8806383
大庄山,臺東縣,海端鄉,121.327338,23.2723211
石壁山,臺東縣,海端鄉,121.226586,23.1981021
番子田山,花蓮縣,秀林鄉,120.9423119,23.8663671
南庄山,高雄市,桃源區,120.4683581,23.0387131
牛牡嶺,高雄市,桃源區,120.402323,23.0749521
月眉山,高雄市,桃源區,120.596154,22.8875651
大埔山,高雄市,桃源區,120.548123,23.0144611
大山,高雄市,桃源區,120.4828799,22.9252699
內寮山,屏東縣,霧台鄉,120.6247179,22.386448
北月眉山北峰最高點,花蓮縣,秀林鄉,121.5790859,23.8727541
嵐山,南投縣,仁愛鄉,121.530909,24.0486151
嵩山,新北市,瑞芳/貢寮區,121.5562751,25.208707
刣牛山,臺中市,和平區,120.942757,24.0047509
關刀山,臺中市,和平區,121.0238421,24.0294032
觀音山,臺東縣,海端鄉,121.3588989,23.3918721
里牙才,臺東縣,海端鄉,121.4104701,23.4706364
迦納納山,臺東縣,海端鄉,121.3741119,23.4681991
占山,嘉義縣,阿里山鄉,119.5699339,23.6641511
拉古拉山,臺東縣,海端鄉,121.082062,23.3952071
大分山,臺東縣,海端鄉,121.0465965,23.3966495
雙頭北山,臺東縣,海端鄉,121.026173,23.3656841
埔沙山,花蓮縣,秀林鄉,120.8911525,23.5364364
對關山,花蓮縣,秀林鄉,120.9520154,23.5250937
望美山,花蓮縣,秀林鄉,120.8729659,23.5909981
瓊山,花蓮縣,秀林鄉,120.8526599,23.5792312
東蕃里山,臺東縣,海端鄉,120.7969491,23.0351711
大庄越山(基點峰),臺東縣,海端鄉,121.35807,23.2395512
那保山,屏東縣,霧台鄉,120.786563,22.5165561
未命名山峰,臺東縣,海端鄉,121.3645486,23.2581504
西加路蘭山,臺東縣,海端鄉,121.171365,22.815068
內水尾山,苗栗縣,泰安鄉,120.6210071,24.3273279
十八尖山東峰,桃園市,復興區,120.9880559,24.7924231
林牛山,苗栗縣,泰安鄉,120.7374555,24.2246771
埔頂山,高雄市,桃源區,120.5137729,23.3837339
五步哭山,桃園市,復興區,121.0226524,24.7569688
友應山,桃園市,復興區,120.861917,24.546941
大橫屏山,苗栗縣,泰安鄉,120.828953,24.0749541
阿罩霧鳳山,苗栗縣,泰安鄉,120.707836,24.0652521
虎頭山,屏東縣,霧台鄉,120.7607771,22.050324
六張犁山,新北市,瑞芳/貢寮區,121.5654474,25.0191717
三腳木山,新北市,瑞芳/貢寮區,121.6160549,25.0195482
圓山,新北市,瑞芳/貢寮區,121.5214286,25.0732889
圳後山,新北市,瑞芳/貢寮區,121.5436077,24.9896172
三重埔山,新北市,瑞芳/貢寮區,121.602007,25.0496441
賴仲坑山,新北市,瑞芳/貢寮區,121.6273117,25.0122842
福德坑山,新北市,瑞芳/貢寮區,121.5882649,25.0084383
柑仔坑山,新北市,瑞芳/貢寮區,121.5778694,24.9945778
舊莊山,新北市,瑞芳/貢寮區,121.6183599,25.0381062
小金面山,新北市,瑞芳/貢寮區,121.565027,25.0900481
外南勢角山,新北市,瑞芳/貢寮區,121.498111,24.9844021
中坑山,新北市,瑞芳/貢寮區,121.4860836,24.9899483
小草山,新北市,瑞芳/貢寮區,121.5641679,25.1347952
白雲山,新北市,瑞芳/貢寮區,121.5466779,25.1277511
小坪頂山,新北市,瑞芳/貢寮區,121.4908344,25.1599369
白石湖山,新北市,瑞芳/貢寮區,121.598284,25.1090431
鯉魚山東峰,新北市,瑞芳/貢寮區,121.5933729,25.0947191
大尖山,新北市,瑞芳/貢寮區,121.601622,25.1619291
尾崙山,新北市,瑞芳/貢寮區,121.5608867,25.1172882
中正山,新北市,瑞芳/貢寮區,121.516129,25.1579761
大邱田山,新北市,瑞芳/貢寮區,121.6065221,25.1071028
柯子林山,新北市,瑞芳/貢寮區,121.6201109,25.1199691
赤石六山,新北市,瑞芳/貢寮區,121.6315891,25.186921
鹿堀坪山,新北市,瑞芳/貢寮區,121.612864,25.1687211
小觀音山西峰,新北市,瑞芳/貢寮區,121.533044,25.1888981
茄苳腳,新北市,瑞芳/貢寮區,121.679862,25.0534131
上鹿窟崙,新北市,瑞芳/貢寮區,121.6769631,25.0346411
旗尾崙,新北市,瑞芳/貢寮區,121.7170907,25.0643731
小坑山,新北市,瑞芳/貢寮區,121.6989529,25.0525351
深按頭山,新北市,瑞芳/貢寮區,121.664027,25.0232772
湳窟山,新北市,瑞芳/貢寮區,121.662475,24.9983791
三板橋,新北市,瑞芳/貢寮區,121.6821822,25.0248955
耳空龜山,新北市,瑞芳/貢寮區,121.695585,25.0366201
石門山,新北市,瑞芳/貢寮區,121.6998089,25.0673672
十三分山,新北市,瑞芳/貢寮區,121.6545141,25.0382431
真長山,新北市,瑞芳/貢寮區,121.7382451,25.0425391
石底觀音山,新北市,瑞芳/貢寮區,121.701031,25.0230012
九芎坑山,新北市,瑞芳/貢寮區,121.7116815,24.9866292
伏獅山,新北市,瑞芳/貢寮區,121.72474,24.9837541
西勢坑山,新北市,瑞芳/貢寮區,121.719506,25.0797361
三羌坑,新北市,瑞芳/貢寮區,121.786825,25.0320312
大湖格山,新北市,瑞芳/貢寮區,121.6943671,25.0147881
粗坑山,新北市,瑞芳/貢寮區,121.6738531,24.9876732
炙子頭山,新北市,瑞芳/貢寮區,121.639423,24.9804751
中窯尖,新北市,瑞芳/貢寮區,121.7477829,25.0537941
葛子寮山,新北市,瑞芳/貢寮區,121.648188,25.0651881
東勢格山,新北市,瑞芳/貢寮區,121.7477651,25.0087931
平溪子山,新北市,瑞芳/貢寮區,121.758731,25.0175431
上東勢格山,新北市,瑞芳/貢寮區,121.743534,24.9901561
石後山,新北市,瑞芳/貢寮區,121.771466,25.0254402
青林山,新北市,瑞芳/貢寮區,121.75512,24.9996041
三角尖,新北市,瑞芳/貢寮區,121.793098,25.0721521
下內平林山,新北市,瑞芳/貢寮區,121.784829,25.0180952
畝畝山,新北市,瑞芳/貢寮區,121.7640189,25.0066282
楣子寮山,新北市,瑞芳/貢寮區,121.76566,24.9711691
乾溪山,新北市,瑞芳/貢寮區,121.7388239,24.9799041
大粗坑山,新北市,瑞芳/貢寮區,121.719441,24.9551042
小坑山,新北市,瑞芳/貢寮區,121.77465,24.9493401
鬼子瀨尖山,新北市,瑞芳/貢寮區,121.726463,24.9336001
和尚髻山,新北市,瑞芳/貢寮區,121.717864,24.9196592
虎寮潭山,新北市,瑞芳/貢寮區,121.7522776,24.9474824
東柑腳山,新北市,瑞芳/貢寮區,121.8206515,24.9884532
小粗坑山,新北市,瑞芳/貢寮區,121.750859,24.9729751
灣潭竹子山,新北市,瑞芳/貢寮區,121.7899371,24.9302731
南豹子廚山,新北市,瑞芳/貢寮區,121.7922027,24.9669182
溪尾寮山,新北市,瑞芳/貢寮區,121.8236081,24.9757961
打鐵寮山,新北市,瑞芳/貢寮區,121.819766,24.9199031
東坑山,新北市,瑞芳/貢寮區,121.754304,24.9279811
湖底嶺,新北市,瑞芳/貢寮區,121.777049,24.8696061
後湖子山,新北市,瑞芳/貢寮區,121.7628908,24.8612845
大金面山,新北市,瑞芳/貢寮區,121.7891015,24.8576448
風空子溪山,新北市,瑞芳/貢寮區,121.7841259,24.8901191
九股山,新北市,瑞芳/貢寮區,121.79566,24.8831171
北豹子廚山,新北市,瑞芳/貢寮區,121.7910351,24.9836391
阿里荖山,新北市,瑞芳/貢寮區,121.6142671,25.2742541
尖山子山,新北市,瑞芳/貢寮區,121.6255528,25.2498038
半嶺,新北市,瑞芳/貢寮區,121.603922,25.2361771
坑頭山,新北市,瑞芳/貢寮區,121.574868,25.2502301
新庄,新北市,瑞芳/貢寮區,121.4994615,25.2737997
蕃子寮,新北市,瑞芳/貢寮區,121.4882418,25.2345383
石門山,新北市,瑞芳/貢寮區,121.5647896,25.2859031
北八斗山,新北市,瑞芳/貢寮區,121.6722682,25.1956867
瑪鋉山,新北市,瑞芳/貢寮區,121.6963764,25.1671828
火號山,新北市,瑞芳/貢寮區,121.7434651,25.1459241
五坑山,新北市,瑞芳/貢寮區,121.791672,25.1296021
東勢中股山,新北市,瑞芳/貢寮區,121.6897471,25.1241341
西頭山,新北市,瑞芳/貢寮區,121.658017,25.0828721
三疊山,新北市,瑞芳/貢寮區,121.729223,25.0912781
臥龍山,新北市,瑞芳/貢寮區,121.7189901,25.0907161
友蚋山,新北市,瑞芳/貢寮區,121.67623,25.0911191
大坑埔山,新北市,瑞芳/貢寮區,121.761299,25.1046651
赫頭山,新北市,瑞芳/貢寮區,121.7762483,25.0958119
足跡山,新北市,瑞芳/貢寮區,121.7672338,25.0926661
金顏山,新北市,瑞芳/貢寮區,121.646386,25.1220491
刣狗寮山,新北市,瑞芳/貢寮區,121.649708,25.1031731
六堵山,新北市,瑞芳/貢寮區,121.7032359,25.0904801
八分山,新北市,瑞芳/貢寮區,121.802598,25.0948051
萬里加投,新北市,瑞芳/貢寮區,121.6446391,25.2073271
二坪山,新北市,瑞芳/貢寮區,121.6419907,25.1663015
開眼尖山,新北市,瑞芳/貢寮區,121.656843,25.1502702
三界山,新北市,瑞芳/貢寮區,121.677658,25.1548571
烏石鼻頭山,新北市,瑞芳/貢寮區,121.6905591,25.1391641
三角嶺頭山,新北市,瑞芳/貢寮區,121.7159311,25.1447011
蛇子崙山,新北市,瑞芳/貢寮區,121.8150569,25.0955471
尪子上天山,新北市,瑞芳/貢寮區,121.7905019,25.0842831
瑞芳山,新北市,瑞芳/貢寮區,121.816741,25.1117051
康子崙山,新北市,瑞芳/貢寮區,121.6635,25.1313081
仙洞湖山,新北市,瑞芳/貢寮區,121.672529,25.1163812
石壁寮山,新北市,瑞芳/貢寮區,121.443436,24.9572972
大坑山,新北市,瑞芳/貢寮區,121.4267438,24.9613663
牛埔尾山,新北市,瑞芳/貢寮區,121.4076481,24.9855151
大湖山,新北市,淡水/三芝區,121.3540859,24.9777921
牛灶坑山,新北市,淡水/三芝區,121.364965,24.9645231
牛埔山,新北市,淡水/三芝區,121.3942019,24.9785682
鳶尾山,新北市,淡水/三芝區,121.359024,24.9276112
五十分山,新北市,淡水/三芝區,121.336926,24.9181861
二鬮山,新北市,淡水/三芝區,121.357578,24.9114971
十六分山,新北市,淡水/三芝區,121.3388021,24.8933611
娘子坑山,新北市,淡水/三芝區,121.30698,24.9008561
尾寮山,新北市,淡水/三芝區,121.3147341,24.8894291
王公坑山,新北市,淡水/三芝區,121.3783066,24.9148839
西九份坑山,新北市,瑞芳/貢寮區,121.870964,25.0445511
丹裡山,新北市,瑞芳/貢寮區,121.907275,25.0558611
外柑腳山,新北市,瑞芳/貢寮區,121.816206,25.0159591
東內平林山,新北市,瑞芳/貢寮區,121.831259,25.0317651
長潭山,新北市,瑞芳/貢寮區,121.893125,25.0191424
蝙蝠山,新北市,瑞芳/貢寮區,121.8650541,25.0275121
挖子坑山,新北市,瑞芳/貢寮區,121.932385,25.0189151
水返港山,新北市,瑞芳/貢寮區,121.911577,25.0305561
大埤山,新北市,瑞芳/貢寮區,121.8459,24.9963461
麻竹坑山,新北市,瑞芳/貢寮區,121.845881,25.0282041
頂坑山,新北市,瑞芳/貢寮區,121.83116,25.0578811
五分寮山,新北市,瑞芳/貢寮區,121.8071654,25.0583802
烏塗窟山,新北市,瑞芳/貢寮區,121.8136999,25.0744762
柑腳城山,新北市,瑞芳/貢寮區,121.799585,25.0071782
石笋山,新北市,瑞芳/貢寮區,121.859039,25.0683791
破子寮山,新北市,瑞芳/貢寮區,121.8565341,24.9805422
丁蘭山,新北市,瑞芳/貢寮區,121.869392,24.9921151
外打林山,新北市,瑞芳/貢寮區,121.9022449,24.9960304
紅毛山,新北市,瑞芳/貢寮區,121.8957561,25.1012351
南子吝山,新北市,瑞芳/貢寮區,121.8816651,25.1209231
塗崎頭山,新北市,瑞芳/貢寮區,121.5702741,24.9523371
五郎寮山,新北市,瑞芳/貢寮區,121.618472,24.9511022
小油山,新北市,瑞芳/貢寮區,121.551288,24.9454931
屈尺山,新北市,瑞芳/貢寮區,121.539397,24.9278691
蕃薯窩山,新北市,瑞芳/貢寮區,121.639474,24.9577361
烏土堀山,新北市,瑞芳/貢寮區,121.6385921,24.9652111
磨石坑山,新北市,瑞芳/貢寮區,121.687382,24.9666541
黃櫸皮寮山,新北市,瑞芳/貢寮區,121.685854,24.9395011
烏窟子山,新北市,瑞芳/貢寮區,121.703204,24.9433731
中嶺山,新北市,瑞芳/貢寮區,121.599947,24.9389581
四面頭山,新北市,瑞芳/貢寮區,121.594922,24.9591691
三城,新北市,瑞芳/貢寮區,121.487823,24.9456244
成子寮山,新北市,瑞芳/貢寮區,121.4364559,25.1122481
東小坪頂山,新北市,瑞芳/貢寮區,121.4748886,25.1548824
竿蓁林,新北市,瑞芳/貢寮區,121.4510979,25.1680271
小南灣山,新北市,淡水/三芝區,121.355047,25.1283432
牛港稜山最高點,新北市,瑞芳/貢寮區,121.415785,25.129582
水尾山,新北市,瑞芳/貢寮區,121.401335,25.111065
五股坑山,新北市,瑞芳/貢寮區,121.4216369,25.1079491
麻埔山,新北市,淡水/三芝區,121.3136772,25.1173812
長道坑山,新北市,淡水/三芝區,121.3965585,25.1338489
西門山,新北市,瑞芳/貢寮區,121.428915,25.1547141
下社山,新北市,淡水/三芝區,121.3121131,25.071235
外社山,新北市,淡水/三芝區,121.3026911,25.0909531
大古庄,新北市,淡水/三芝區,121.1644745,24.9538624
東勢庄,新北市,淡水/三芝區,121.1494723,24.9468622
照鏡山,新北市,淡水/三芝區,121.111325,24.8626581
小北坑尾山,新北市,淡水/三芝區,121.1747491,24.8579451
北打鐵坑山,新北市,淡水/三芝區,121.150743,24.8675161
茅子埔,新北市,淡水/三芝區,121.1634078,24.8549968
羊喜窩山,新北市,淡水/三芝區,121.098767,24.8770141
大坪窩山,新北市,淡水/三芝區,121.0921309,24.8529419
照門山,新北市,淡水/三芝區,121.1134881,24.8500491
赤頂社庄,新北市,淡水/三芝區,121.3491778,25.0654325
大埔庄,新北市,淡水/三芝區,121.37262,25.0242812
新路坑山,新北市,淡水/三芝區,121.3375036,25.0047475
楓樹坑山,新北市,淡水/三芝區,121.337664,25.0309841
南崁大坑山,新北市,淡水/三芝區,121.3312631,25.0415902
東湖山,新北市,淡水/三芝區,121.3896829,25.0681182
黃子坑頭,新北市,瑞芳/貢寮區,121.4111664,25.0431771
山腳頂山,新北市,瑞芳/貢寮區,121.4250136,25.0610709
御史坑山,新北市,瑞芳/貢寮區,121.4332111,25.0947741
旱窩山,新北市,淡水/三芝區,121.0643869,24.8480429
鳳山崎山,新北市,淡水/三芝區,121.0267901,24.8524747
下坪頂埔,新北市,淡水/三芝區,121.0397664,24.8641911
赤山,桃園市,復興區,120.8920113,24.7326701
登校血,桃園市,復興區,120.832478,24.6290811
大牛朝山,桃園市,復興區,120.8433551,24.6430991
造橋口山,桃園市,復興區,120.870766,24.6475741
廚子,桃園市,復興區,120.8722738,24.6346437
鹿廚坑山,桃園市,復興區,120.895216,24.6483801
湳坑山,桃園市,復興區,120.9089351,24.6375451
大溪底山,桃園市,復興區,120.933574,24.6255821
小南埔山,桃園市,復興區,120.9711001,24.6298781
人字山,桃園市,復興區,120.9268722,24.669234
火炎山,桃園市,復興區,120.9491409,24.6577778
畚箕窩凸頂,桃園市,復興區,120.968529,24.6764031
福興后山,桃園市,復興區,120.9782,24.6871421
萬馬坑山,桃園市,復興區,120.955069,24.7135831
山頂山,桃園市,復興區,120.9162915,24.7216444
小分坑山,桃園市,復興區,120.9426361,24.6669461
深井山,桃園市,復興區,120.936586,24.7140621
下北高山,桃園市,復興區,120.9508851,24.7346601
崎林山,桃園市,復興區,120.94795,24.7198073
大統台山,桃園市,復興區,120.9847886,24.7446638
永春亡山,桃園市,復興區,120.9392929,24.7594499
香仙山,桃園市,復興區,120.9250076,24.7713879
石砂統山,桃園市,復興區,120.9660604,24.7555855
水流東山,桃園市,復興區,120.972569,24.7042931
頂寮山,桃園市,復興區,120.9955128,24.6570584
雙溪山,桃園市,復興區,120.9990957,24.7497917
印斗山,桃園市,復興區,120.9712114,24.784838
北獅頭山,桃園市,復興區,121.0757271,24.7869591
下員山,桃園市,復興區,121.035733,24.7733812
石渣崙山,桃園市,復興區,120.9611169,24.7717431
四坪寮山,桃園市,復興區,121.074883,24.7032661
番子社山,桃園市,復興區,121.0769728,24.748585
冷洽水山,桃園市,復興區,121.0162574,24.7401406
沙湖壢山,桃園市,復興區,121.0371495,24.7486877
崩崁山,桃園市,復興區,121.0630894,24.7420787
石壁下山,桃園市,復興區,120.9881665,24.7323946
八股山,桃園市,復興區,121.0250041,24.7262166
北坑崠頂山,桃園市,復興區,121.0407024,24.7286421
面桶寮山,桃園市,復興區,121.0550801,24.7248981
新具庄山,桃園市,復興區,121.071353,24.7161051
石井山,桃園市,復興區,120.9991977,24.7039802
榴子坑山,桃園市,復興區,121.015142,24.7080101
十二寮山,桃園市,復興區,121.0444151,24.7136852
北岡頂山,桃園市,復興區,121.062373,24.6983846
富興頭山,桃園市,復興區,120.985081,24.6988061
後脊山,桃園市,復興區,121.0150601,24.695131
中盛山,桃園市,復興區,121.03332,24.6962531
二寮岡頂山,桃園市,復興區,121.0656142,24.6882382
陰影山,桃園市,復興區,121.0237611,24.6669121
番婆坑山,桃園市,復興區,121.035554,24.6729201
五分寮頂山,桃園市,復興區,121.064304,24.6675201
四崙頂山,桃園市,復興區,121.076594,24.6793471
龍頂山,桃園市,復興區,121.012985,24.6606549
石岡山,桃園市,復興區,121.041738,24.6574751
茄苳富士山,桃園市,復興區,120.9901481,24.6423311
烏蛇山,桃園市,復興區,121.0052167,24.6129997
水頭排山,桃園市,復興區,121.112919,24.688567
軟橋山,桃園市,復興區,121.0972769,24.6886654
員崠子山,桃園市,復興區,121.089125,24.719136
獅子頭山,桃園市,復興區,121.110729,24.7157621
大肚庄山,桃園市,復興區,121.135771,24.7244171
杵楨杆山,桃園市,復興區,121.1495325,24.7118291
三爺坑山,桃園市,復興區,121.1121461,24.7435455
鹿寮坑山,桃園市,復興區,121.135343,24.7374843
小尾山,桃園市,復興區,121.1333884,24.7500176
南何山,桃園市,復興區,121.149502,24.7506021
五股林山,桃園市,復興區,121.0897694,24.7686437
石頭山,新北市,淡水/三芝區,121.089501,24.8014911
五分埔山,新北市,淡水/三芝區,121.0962331,24.8276886
高頂莊,新北市,淡水/三芝區,121.1093156,24.8304876
大東坑山,新北市,淡水/三芝區,121.1246732,24.8214779
旱坑頂山,桃園市,復興區,121.136264,24.7987841
苧子園山,桃園市,復興區,121.1698759,24.7813411
旱坑山,新北市,淡水/三芝區,121.13715,24.8258132
頭排莊,桃園市,復興區,121.1802677,24.7954817
鹹菜棚山,新北市,烏來區,121.206382,24.7980581
十一分庄山,新北市,淡水/三芝區,121.2382062,24.8454609
未命名山峰,桃園市,復興區,121.1344619,24.7819221
上南片山,桃園市,復興區,121.158379,24.7889811
杏反岡庄,新北市,淡水/三芝區,121.1722569,24.8060069
坑尾山,苗栗縣,泰安鄉,120.868351,24.3602511
四寮坪山,苗栗縣,泰安鄉,120.872462,24.4169341
舊砲台山,苗栗縣,泰安鄉,120.866693,24.3266541
大坪頂山,苗栗縣,泰安鄉,120.871542,24.3020701
傳生窩,苗栗縣,泰安鄉,120.748506,24.488956
社寮坑山,苗栗縣,泰安鄉,120.823265,24.4486451
油房坑山,苗栗縣,泰安鄉,120.8275011,24.4601421
石筧山,桃園市,復興區,120.7417981,24.5025612
車輪窩山,苗栗縣,泰安鄉,120.728639,24.4803721
圳頭肚山,苗栗縣,泰安鄉,120.7091326,24.4860633
牛尿坂山,苗栗縣,泰安鄉,120.6918549,24.4800161
埔山,苗栗縣,泰安鄉,120.7272109,24.443173
頭窩山,桃園市,復興區,120.6955137,24.5150082
外大坪,桃園市,復興區,120.9185331,24.621521
八股觀音山,桃園市,復興區,120.9383811,24.6213371
加東山,桃園市,復興區,120.8563565,24.6236954
三百六坑山,桃園市,復興區,120.907362,24.6153781
茄苳坑山,桃園市,復興區,120.8947961,24.5998671
北坑,桃園市,復興區,120.8644751,24.5873391
片山,桃園市,復興區,120.8673251,24.567234
天山,桃園市,復興區,120.8788673,24.5787219
箭竹凸山,桃園市,復興區,120.9024651,24.5858391
好樹山,桃園市,復興區,120.8952574,24.5701198
棉子埔山,桃園市,復興區,120.850024,24.5316121
南坑山,桃園市,復興區,120.776154,24.5447882
青子窩,桃園市,復興區,120.7456559,24.5237841
茍煥山,桃園市,復興區,120.7262109,24.5343271
牛蘭窩山,桃園市,復興區,120.738498,24.5441251
白沙屯山,桃園市,復興區,120.7124592,24.5677483
小湖山,桃園市,復興區,120.763878,24.5750971
闖水窩山,桃園市,復興區,120.772501,24.5608991
未命名山峰,桃園市,復興區,120.7828941,24.5856002
將軍山,桃園市,復興區,120.8065275,24.561687
斧頭坑山,桃園市,復興區,120.7363132,24.5575241
寮子湖山,苗栗縣,泰安鄉,120.7176114,24.4147186
芎蕉坑山,苗栗縣,泰安鄉,120.7341649,24.4042941
大山,苗栗縣,泰安鄉,120.7097979,24.3801381
拐子湖山,苗栗縣,泰安鄉,120.7544101,24.3817185
四分山,苗栗縣,泰安鄉,120.749802,24.3707121
岩藏山,新北市,瑞芳/貢寮區,121.8513853,24.8967371
石坑山,新北市,瑞芳/貢寮區,121.834462,24.9034302
叢雲山,新北市,瑞芳/貢寮區,121.851939,24.9236119
網形山,新北市,瑞芳/貢寮區,121.8229491,24.9354161
橫山,新北市,瑞芳/貢寮區,121.84509,24.9577191
鹿窟尾山,新北市,瑞芳/貢寮區,121.882911,24.9641162
鷹石尖,新北市,瑞芳/貢寮區,121.8833186,24.9412115
大平山,新北市,瑞芳/貢寮區,121.8450699,24.9723901
福隆山,新北市,瑞芳/貢寮區,121.9458825,24.9876449
白沙丘山,新北市,瑞芳/貢寮區,121.9525999,25.0156921
荖蘭山,新北市,瑞芳/貢寮區,121.9731075,25.0161078
桶盤堀尖,新北市,瑞芳/貢寮區,121.9343778,24.9831032
梗枋山,新北市,瑞芳/貢寮區,121.870035,24.9080957
橋板湖山,新北市,瑞芳/貢寮區,121.8756174,24.9202429
大里簡山,新北市,瑞芳/貢寮區,121.912888,24.9550731
三分二山,新北市,瑞芳/貢寮區,121.8416692,24.940669
坪溪山,新北市,瑞芳/貢寮區,121.826755,24.9180381
龜山頭山,新北市,瑞芳/貢寮區,121.962752,24.8371251
石硿山,宜蘭縣,大同鄉,121.8596468,24.5841336
大埤山,宜蘭縣,大同鄉,121.790952,24.6201191
礁溪山,新北市,瑞芳/貢寮區,121.7616871,24.8308911
匏崙山,宜蘭縣,大同鄉,121.714115,24.7940781
莿子崙山,宜蘭縣,大同鄉,121.732723,24.7895681
鎮頭山,宜蘭縣,大同鄉,121.70557,24.7654292
大湖庄山,宜蘭縣,大同鄉,121.688934,24.7334821
觀音山,苗栗縣,泰安鄉,120.747984,24.243529
番子路山,苗栗縣,泰安鄉,120.7418637,24.1144101
坪林山,苗栗縣,泰安鄉,120.7415662,24.1513043
御子山,苗栗縣,泰安鄉,120.7353191,24.1380401
龜舌子山,苗栗縣,泰安鄉,120.7610479,24.1206878
下北坑山,苗栗縣,泰安鄉,120.7716715,24.1678612
中嵙山,苗栗縣,泰安鄉,120.8561867,24.2493331
頭庄山,苗栗縣,泰安鄉,120.8491141,24.217411
谷大坑山,苗栗縣,泰安鄉,120.7739051,24.1939701
大尖山,苗栗縣,泰安鄉,120.5539009,24.1599788
公籠頂,苗栗縣,泰安鄉,120.8340546,24.2713446
後壁山,苗栗縣,泰安鄉,120.7868891,24.3073331
校粟林山,苗栗縣,泰安鄉,120.834655,24.3490341
三十二分山,苗栗縣,泰安鄉,120.7958391,24.3569991
伯公龍,苗栗縣,泰安鄉,120.788472,24.4031274
大忿山,苗栗縣,泰安鄉,120.8405635,24.3056207
枕頭山,苗栗縣,泰安鄉,120.7678911,24.3350611
內雙坑山,苗栗縣,泰安鄉,120.787497,24.3682411
八分山,苗栗縣,泰安鄉,120.8436301,24.3682421
楓樹龍,苗栗縣,泰安鄉,120.769538,24.3671071
菜壽凸,苗栗縣,泰安鄉,120.8251506,24.3948841
黃麻園山,苗栗縣,泰安鄉,120.8329649,24.414207
大坪凸,苗栗縣,泰安鄉,120.801231,24.4077481
竹圍山,苗栗縣,泰安鄉,120.7655291,24.4313091
百二分凸山,苗栗縣,泰安鄉,120.8031041,24.3888271
頂埔山,苗栗縣,泰安鄉,120.8273269,24.2890641
大樹山,苗栗縣,泰安鄉,120.7711681,24.3068641
壢底寮山,苗栗縣,泰安鄉,120.8632451,24.3940591
十二分埔山,苗栗縣,泰安鄉,120.572807,24.0414691
灣仔口山,苗栗縣,泰安鄉,120.5778033,24.0237038
竹巷山,苗栗縣,泰安鄉,120.598482,24.0598651
土地公鞍嶺,花蓮縣,秀林鄉,120.8719076,23.8141893
長寮尾山,花蓮縣,秀林鄉,120.9541448,23.9057439
龜子坑山,花蓮縣,秀林鄉,120.8952899,23.831472
學子波山,花蓮縣,秀林鄉,120.8784549,23.8224264
肚臍崛山,嘉義縣,阿里山鄉,120.683609,23.6565784
檨子坑山,嘉義縣,阿里山鄉,120.6290839,23.6987951
棋盤厝山,嘉義縣,阿里山鄉,120.6146832,23.6761705
尖山坑山,嘉義縣,阿里山鄉,120.6130579,23.654586
鉅山,苗栗縣,泰安鄉,120.75163,24.0028881
樟湖山,花蓮縣,秀林鄉,120.81931,23.998012
番子田山西峰,花蓮縣,秀林鄉,120.9397426,23.8668601
七股山,嘉義縣,阿里山鄉,120.7250283,23.9560811
竹坑山,嘉義縣,阿里山鄉,120.7748699,23.9354009
碧峰,嘉義縣,阿里山鄉,120.6604309,23.9788506
茄荖山,嘉義縣,阿里山鄉,120.7023874,23.9971352
八杷山,嘉義縣,阿里山鄉,120.7827346,23.8737888
後寮坑山,嘉義縣,阿里山鄉,120.7753804,23.8635521
東胡山,嘉義縣,阿里山鄉,120.7256035,23.8654989
番子巴山,花蓮縣,秀林鄉,120.8000789,23.864784
水長流下山,苗栗縣,泰安鄉,120.8610751,24.060878
三角嶺,臺中市,和平區,120.9536241,24.0464439
北我音山,臺中市,和平區,120.990268,24.062777
鹿蒿山,花蓮縣,秀林鄉,120.9325887,23.9260821
逢補山,嘉義縣,阿里山鄉,120.6967622,23.7230452
筍子尾山,嘉義縣,阿里山鄉,120.7107819,23.7518241
林內山,嘉義縣,阿里山鄉,120.6178491,23.7531683
草嶺頂山,嘉義縣,阿里山鄉,120.7662571,23.8272221
粗坑頭山,嘉義縣,阿里山鄉,120.7414329,23.7862821
和尚頭山,嘉義縣,阿里山鄉,120.7630138,23.7386071
崙尾,嘉義縣,阿里山鄉,120.7775789,23.7750281
土地公鞍,嘉義縣,阿里山鄉,120.7655019,23.7682831
山尾,嘉義縣,阿里山鄉,120.7699199,23.789041
滴水子山,嘉義縣,阿里山鄉,120.7884539,23.7832861
培亭山,花蓮縣,秀林鄉,120.9458084,23.9488239
內林山,嘉義縣,阿里山鄉,120.6053993,23.7076921
觀音山,嘉義縣,阿里山鄉,120.5948289,23.6653121
小溪子山,嘉義縣,阿里山鄉,120.5896729,23.6515521
九芎坪山,嘉義縣,阿里山鄉,120.6534939,23.5492401
芋蓁坑,嘉義縣,阿里山鄉,120.6187242,23.5152064
芎蕉山,嘉義縣,阿里山鄉,120.5165769,23.5633561
江西寮山,高雄市,桃源區,120.5319147,23.4783591
鹿滿山,高雄市,桃源區,120.5309279,23.4917271
烏山頭山,高雄市,桃源區,120.4436151,23.1580741
番子埔山,高雄市,桃源區,120.4508821,23.1398411
丹目座山,高雄市,桃源區,120.445345,23.0921611
香蘭山,高雄市,桃源區,120.4238291,23.0855981
芋匏山,高雄市,桃源區,120.4259951,23.0745221
水昌山,高雄市,桃源區,120.439321,23.0688701
七嶺山,高雄市,桃源區,120.4686569,23.0621531
打鐵尖山,高雄市,桃源區,120.5072901,23.1457841
龜丹山,高雄市,桃源區,120.5025526,23.1308627
龜丹東山,高雄市,桃源區,120.520995,23.1310491
水山頂山,高雄市,桃源區,120.51029,23.0841881
石頭山,高雄市,桃源區,120.4906103,23.0569998
牛埔崎頭山,高雄市,桃源區,120.456458,23.054114
石牌山,高雄市,桃源區,120.46648,23.0873891
心子寮山,高雄市,桃源區,120.471273,23.0110591
石松子山,高雄市,桃源區,120.493087,23.0221861
南嶺山,高雄市,桃源區,120.3619464,22.9938927
竹子赤山,高雄市,桃源區,120.385873,22.9620982
楠子坑山,高雄市,桃源區,120.3729921,22.9387481
烏頭山,高雄市,桃源區,120.4220799,22.9276851
苦苓湖山,高雄市,桃源區,120.405882,22.939016
閉眼山,高雄市,桃源區,120.41384,22.9532181
狗頭山,高雄市,桃源區,120.4727446,22.905324
鯉魚山,高雄市,桃源區,120.4673642,22.955124
三里分山,高雄市,桃源區,120.43667,22.9610369
中心崙山,高雄市,桃源區,120.4669631,22.9820071
竹宅山,高雄市,桃源區,120.387181,23.1704061
燒灰山,高雄市,桃源區,120.411474,23.1705882
東笨潭山,高雄市,桃源區,120.4041786,23.1849354
笨潭山,高雄市,桃源區,120.3881618,23.1982278
番仔坑山,高雄市,桃源區,120.3957171,23.2258741
九重橋山,高雄市,桃源區,120.4141726,23.2154719
西港仔湖山,高雄市,桃源區,120.4199751,23.2387951
知母義山,高雄市,桃源區,120.3221295,23.0230946
觀音山,高雄市,桃源區,120.3779971,23.004408
九層嶺,高雄市,桃源區,120.3731933,23.0350734
三十六崙山,高雄市,桃源區,120.367046,23.0428154
三崁山,高雄市,桃源區,120.3894441,23.0445331
左鎮山,高雄市,桃源區,120.403435,23.035936
山豹山,高雄市,桃源區,120.4064731,23.017196
大寮山,高雄市,桃源區,120.4315299,23.2920532
檳榔樹崎山,高雄市,桃源區,120.441384,23.2726451
宅仔內山,高雄市,桃源區,120.438949,23.2457161
鳥湖,高雄市,桃源區,120.410676,23.2637311
果毅後山,高雄市,桃源區,120.383208,23.2541221
大文山,高雄市,桃源區,120.5000411,23.181252
大平山,高雄市,桃源區,120.530814,23.1796521
科理山,高雄市,桃源區,120.4630661,23.2914842
大坪山,高雄市,桃源區,120.4566401,23.2860301
三重溪山,高雄市,桃源區,120.4455519,23.3112446
六寮埔山,高雄市,桃源區,120.456077,23.2647531
大洋山,高雄市,桃源區,120.468106,23.2610041
阿陳科山,高雄市,桃源區,120.4709255,23.2758492
斗六山,高雄市,桃源區,120.5063391,23.2135351
竹頭山,高雄市,桃源區,120.531379,23.231396
水底寮山,高雄市,桃源區,120.5556081,23.2173772
田黑山,高雄市,桃源區,120.582676,23.254221
火燒寮山,高雄市,桃源區,120.5673891,23.2627901
水仔尾山,高雄市,桃源區,120.5023249,23.4267148
三界埔山,高雄市,桃源區,120.4875963,23.4253058
十九樣山,高雄市,桃源區,120.470559,23.4185628
瓦厝尖山,高雄市,桃源區,120.5363642,23.3982525
後崎山,高雄市,桃源區,120.4945151,23.3844607
芎蕉宅山,高雄市,桃源區,120.4743961,23.3896969
白水溪山,高雄市,桃源區,120.4868549,23.3507829
仙草埔山,高雄市,桃源區,120.4698766,23.3482509
黃牛山,高雄市,桃源區,120.5075129,23.3196589
硫黃崎頭山,高雄市,桃源區,120.4831029,23.3169329
雞冠山,高雄市,桃源區,120.3958241,22.8072521
角秀,屏東縣,霧台鄉,120.3651889,22.783548
坑口山,屏東縣,霧台鄉,120.397527,22.7780581
箍桶寮,屏東縣,霧台鄉,120.38691,22.7506381
尖山,高雄市,桃源區,120.360812,22.8229811
上坑山,高雄市,桃源區,120.58207,22.8878481
坦水衍山,高雄市,桃源區,120.5805471,22.9326561
六張犁,高雄市,桃源區,120.4879749,22.9088291
北旗尾山,高雄市,桃源區,120.4920021,22.8849646
黎子坑山,高雄市,桃源區,120.4999071,22.9616131
溝坪,高雄市,桃源區,120.5007502,22.9870595
頂公館山,高雄市,桃源區,120.5145668,23.0186171
兔和山,高雄市,桃源區,120.6498021,23.0241451
蕉芭英山,高雄市,桃源區,120.546978,23.0296161
風空子山,高雄市,桃源區,120.5403881,23.0621591
土地公崙山,高雄市,桃源區,120.635845,23.0255931
竹頭崎山,高雄市,桃源區,120.529637,23.0795061
荖濃山,高雄市,桃源區,120.6678179,23.0709251
前埔山,屏東縣,霧台鄉,120.3858771,22.7142471
鳳梨山,屏東縣,霧台鄉,120.4159571,22.7189439
上楓港山,屏東縣,霧台鄉,120.6801981,22.2210261
枋山,屏東縣,霧台鄉,120.6613481,22.2754241
白沙彌山,屏東縣,霧台鄉,120.8089431,21.9876069
老佛下山,屏東縣,霧台鄉,120.8156932,22.029802
滿州山,屏東縣,霧台鄉,120.8292991,22.0222119
牡林山,屏東縣,霧台鄉,120.8205291,22.0804851
牡丹路山東南峰,屏東縣,霧台鄉,120.7693975,22.1770526
內埔山,屏東縣,霧台鄉,120.7387641,22.0775311
埔姜山,屏東縣,霧台鄉,120.6195135,22.4436418
獅子頭山,屏東縣,霧台鄉,120.6709611,22.3042691
大寮山,屏東縣,霧台鄉,120.3684421,22.3324271
南中寮山,高雄市,桃源區,120.4205,22.807283
下中寮山,高雄市,桃源區,120.4386751,22.8090951
野山,屏東縣,霧台鄉,120.4312801,22.7678561
靜埔,臺東縣,海端鄉,121.4971941,23.4598137
南草古安山,臺東縣,海端鄉,121.2914589,23.4736049
塔羅塔羅山,屏東縣,霧台鄉,120.944786,22.512667
相愛山,屏東縣,霧台鄉,121.5183771,22.058619
牛子山,屏東縣,霧台鄉,121.485539,22.6719931
火燒山,屏東縣,霧台鄉,121.4834579,22.6525757
八邊山,臺東縣,海端鄉,121.344732,23.0795211
員貝山,嘉義縣,阿里山鄉,119.6342659,23.6481241
桶盤山,嘉義縣,阿里山鄉,119.5182249,23.509546
崎山,高雄市,桃源區,119.3164014,23.4026957
火炎山東峰,新北市,瑞芳/貢寮區,121.6725241,24.9198571
龜窟山,新北市,瑞芳/貢寮區,121.679364,24.8903391
九芎根山,新北市,瑞芳/貢寮區,121.654091,24.8770891
四崁水山,新北市,瑞芳/貢寮區,121.5638299,24.8901901
東四崁水山,新北市,瑞芳/貢寮區,121.5797454,24.8847226
西熊空山,新北市,瑞芳/貢寮區,121.4402271,24.8810141
五寮尖,新北市,淡水/三芝區,121.3656145,24.8768236
六寮崙山西南峰,新北市,瑞芳/貢寮區,121.421844,24.9025081
內金敏山,新北市,淡水/三芝區,121.39979,24.8628921
牛角尖,新北市,瑞芳/貢寮區,121.4298111,24.8842831
美鹿山,新北市,瑞芳/貢寮區,121.529937,24.8548731
石𥕢山主峰,新北市,瑞芳/貢寮區,121.717609,24.8993771
牌子山,新北市,淡水/三芝區,121.3665179,24.8203373
角板山,新北市,淡水/三芝區,121.34987,24.8303384
羅浮山,新北市,烏來區,121.358232,24.7873511
新柑坪山,新北市,淡水/三芝區,121.2802274,24.8077034
二層坪山,新北市,淡水/三芝區,121.2946251,24.8159161
內湳溝山,新北市,淡水/三芝區,121.2938259,24.8326771
枕頭山西峰,新北市,淡水/三芝區,121.3198881,24.8098791
金合盒山,新北市,淡水/三芝區,121.322707,24.827777
石龜坑山,新北市,淡水/三芝區,121.3108152,24.8431786
分水嶺,新北市,淡水/三芝區,121.337415,24.8436301
高遶坪山,新北市,烏來區,121.294162,24.7960591
八十分山,桃園市,復興區,121.1732229,24.7258992
高甫山,新北市,烏來區,121.2194538,24.7780173
大庭頂山,新北市,烏來區,121.2372022,24.7558153
玉山,新北市,烏來區,121.2127263,24.7530715
上湖山,苗栗縣,泰安鄉,120.8923191,24.3709601
而完窩山,新北市,烏來區,121.2562229,24.7728621
蓮包山,新北市,烏來區,121.2737212,24.7587841
高遶頂山,新北市,烏來區,121.2735231,24.7854331
薯園山,桃園市,復興區,121.1106771,24.6796111
騎龍山,桃園市,復興區,121.1388721,24.683812
瑞峰山,桃園市,復興區,121.1133131,24.6637491
頭寮坑山,桃園市,復興區,120.950358,24.6087552
山羊凸山,桃園市,復興區,120.8630609,24.5128591
南興山,宜蘭縣,大同鄉,121.773178,24.6157491
廍子坑山,苗栗縣,泰安鄉,120.7506629,24.1545008
大崩山,苗栗縣,泰安鄉,120.812301,24.1411071
制波山,苗栗縣,泰安鄉,120.8115093,24.0918364
南北坑山,苗栗縣,泰安鄉,120.765349,24.0338649
西白毛山,苗栗縣,泰安鄉,120.876102,24.1485571
西關刀山南峰,花蓮縣,秀林鄉,120.998601,23.9988141
內湖山,嘉義縣,阿里山鄉,120.7819639,23.71615
溪頭山,嘉義縣,阿里山鄉,120.7863379,23.6815481
大崙頭山,嘉義縣,阿里山鄉,120.7674546,23.6822878
未命名山峰,嘉義縣,阿里山鄉,120.7634129,23.6994214
外湖山,嘉義縣,阿里山鄉,120.6682529,23.6092531
掘沓山,嘉義縣,阿里山鄉,120.6691222,23.5908299
三仙嶺,嘉義縣,阿里山鄉,120.6888219,23.5641091
廟後尖山,高雄市,桃源區,120.5915062,22.9409798
涼山,屏東縣,霧台鄉,120.640014,22.6893937
崩山湖山,宜蘭縣,大同鄉,121.669966,24.7619098
貢仔子湖山,宜蘭縣,大同鄉,121.6729045,24.7346847
野分山東峰,宜蘭縣,大同鄉,121.7200644,24.624946
蚊子坑山,宜蘭縣,大同鄉,121.708585,24.6526661
蓮花池山,花蓮縣,秀林鄉,120.8770629,23.9103581
南港山,花蓮縣,秀林鄉,120.8787333,23.9419118
竹坑山,嘉義縣,阿里山鄉,120.7943666,23.9303384
土匪山,高雄市,桃源區,120.6017149,23.4246048
大崗山北峰,高雄市,桃源區,120.3518153,22.8621023
竹子山,屏東縣,霧台鄉,120.3689106,22.6727284
九個厝山,屏東縣,霧台鄉,120.8185151,22.050672
新路尾山,新北市,瑞芳/貢寮區,121.8331581,25.0443571
二龍山,新北市,瑞芳/貢寮區,121.554213,24.9200681
菜刀崙山,新北市,瑞芳/貢寮區,121.542086,24.9019911
平廣山,新北市,瑞芳/貢寮區,121.522965,24.9030001
火炎山北峰,新北市,瑞芳/貢寮區,121.660423,24.9278351
竹坑,新北市,瑞芳/貢寮區,121.6338091,24.9186811
新溪洲山,新北市,淡水/三芝區,121.257621,24.8159211
祖眉坑山,新北市,瑞芳/貢寮區,121.416694,24.9221221
大厝坑山,新北市,瑞芳/貢寮區,121.4391441,24.9202371
石厝坑山,新北市,淡水/三芝區,121.3172493,24.8564544
白石湖山,桃園市,復興區,121.183782,24.7171771
西獅頭山,桃園市,復興區,121.1911484,24.7440982
中城山,桃園市,復興區,121.1774519,24.7484027
燥坑山,桃園市,復興區,121.098188,24.765331
三角山北峰,苗栗縣,泰安鄉,120.7898369,24.4364842
玉女山,苗栗縣,泰安鄉,120.865889,24.4468211
砲石山,苗栗縣,泰安鄉,120.8964921,24.4367061
打鹿坑山,苗栗縣,泰安鄉,120.8604959,24.4775801
東坑山南峰,苗栗縣,泰安鄉,120.876789,24.474688
新石門山,桃園市,復興區,120.8804439,24.5019821
十一分山北峰,臺中市,和平區,120.9069619,24.4769761
草寮山,臺中市,和平區,120.9206594,24.4961383
和興山,桃園市,復興區,120.8974741,24.5185931
上大窩山,桃園市,復興區,120.9447789,24.5440621
福南山,桃園市,復興區,120.9628641,24.5608951
小東勢山,桃園市,復興區,120.930032,24.544339
南窩山,桃園市,復興區,120.925851,24.5706139
錫隘山,桃園市,復興區,120.915427,24.5311511
湖塘山,桃園市,復興區,120.905289,24.5065051
八角林山,苗栗縣,泰安鄉,120.891736,24.4822991
北寮山,桃園市,復興區,120.9538841,24.5814241
大屋坑山,桃園市,復興區,120.9781481,24.5937359
小東河山北峰,桃園市,復興區,120.995437,24.5646681
四十二分山,桃園市,復興區,121.0405622,24.6269112
茶園坪山,桃園市,復興區,121.00466,24.6008351
馬果坪山,桃園市,復興區,120.9959955,24.5797121
未命名山峰,桃園市,復興區,120.950023,24.5810761
焿寮坪山,桃園市,復興區,121.058179,24.6457661
大窩浪山,桃園市,復興區,121.0876825,24.66013
十六張山,桃園市,復興區,121.1903169,24.7747151
飛鳳山,新北市,瑞芳/貢寮區,121.7361427,25.1360032
石硬港山,新北市,瑞芳/貢寮區,121.7441061,25.1268921
南榮山,新北市,瑞芳/貢寮區,121.7419263,25.1175322
龍鳳山,新北市,瑞芳/貢寮區,121.731866,25.1468912
東光山,新北市,瑞芳/貢寮區,121.7698368,25.1346564
三角洲嶺,新北市,瑞芳/貢寮區,121.7325962,25.1142001
貢寮山,新北市,瑞芳/貢寮區,121.9133971,25.0224701
雙溪山,新北市,瑞芳/貢寮區,121.4383137,24.8408883
倒吊子山,新北市,瑞芳/貢寮區,121.6906321,24.8878961
詩朗山,新北市,淡水/三芝區,121.3805072,24.8565238
雞心尖,新北市,瑞芳/貢寮區,121.5892491,24.9442481
錦峰山,新北市,瑞芳/貢寮區,121.6691089,25.0743731
金瓜石山,新北市,瑞芳/貢寮區,121.843856,25.0996401
三層山,新北市,淡水/三芝區,121.3118635,24.8611679
芃芃山,新北市,烏來區,121.471514,24.6246081
鳳岩山,新北市,淡水/三芝區,121.3192278,25.0266961
未命名山峰,桃園市,復興區,120.960568,24.778211
客雅山,桃園市,復興區,120.9569401,24.7873981
三尖山東北峰,桃園市,復興區,120.9405101,24.5941201
北坑山,桃園市,復興區,120.9340091,24.6467
桃牛坪山,桃園市,復興區,120.9706334,24.5765434
苗圃中心山西峰,苗栗縣,泰安鄉,120.8469369,24.3422141
苗圃中心山東峰,苗栗縣,泰安鄉,120.849196,24.3410911
半天寮山北峰,臺中市,和平區,120.9265548,24.4597971
棲蘭山,宜蘭縣,大同鄉,121.5128761,24.5989504
中和下山,苗栗縣,泰安鄉,120.8391045,24.1585025
次郎山,臺中市,和平區,120.9264141,24.150181
桃米坑山,花蓮縣,秀林鄉,120.899978,23.928189
南大龜坑山,嘉義縣,阿里山鄉,120.7674229,23.914787
崩埤山,嘉義縣,阿里山鄉,120.7437348,23.8666981
母安山,臺中市,和平區,121.1814001,24.03317
大枋後山,嘉義縣,阿里山鄉,120.7923129,23.844278
澐水山西峰,高雄市,桃源區,120.5399082,23.3749421
山坑庄上,嘉義縣,阿里山鄉,120.4998718,23.5492231
蘇厝山,高雄市,桃源區,120.46445,23.3708069
大水坑山,高雄市,桃源區,120.5868051,23.1424731
破路柴山,高雄市,桃源區,120.4562109,23.3249589
籠子內山,高雄市,桃源區,120.4375609,23.057383
番山,高雄市,桃源區,120.4813789,23.0515901
上後山,高雄市,桃源區,120.6050601,23.0805331
茄苳湖山,高雄市,桃源區,120.5337551,23.0298021
鳴海下山,高雄市,桃源區,120.683055,22.9538583
荖濃越山,高雄市,桃源區,120.636876,23.0874652
卓武山西北峰,高雄市,桃源區,120.6954339,23.3207029
內英山南峰,高雄市,桃源區,120.6534161,23.0831671
寶來山,臺東縣,海端鄉,120.7017622,23.09886
井角山,高雄市,桃源區,120.5896633,22.9748248
藤坑山,高雄市,桃源區,120.5252803,22.9988516
崎溜山,屏東縣,霧台鄉,120.3866541,22.78968
新開山,屏東縣,霧台鄉,120.6284435,22.4041973
久保山南峰,屏東縣,霧台鄉,120.6805854,22.4825053
真笠山東北峰,屏東縣,霧台鄉,120.6693721,22.6705532
庫瓦魯斯山,屏東縣,霧台鄉,120.7172531,22.6080831
霧里乙山東北峰,屏東縣,霧台鄉,120.7057906,22.31879
虻彈山主峰,屏東縣,霧台鄉,120.6600415,22.5962582
盆賀里山南峰,屏東縣,霧台鄉,120.6550907,22.4750185
真笠山西南峰,屏東縣,霧台鄉,120.6527559,22.662482
三地山南峰,屏東縣,霧台鄉,120.661425,22.729441
虻彈山西峰,屏東縣,霧台鄉,120.6432896,22.6032069
草山,屏東縣,霧台鄉,120.6714307,22.3360335
崁頭窩山西峰,屏東縣,霧台鄉,120.6509001,22.4124801
古華山,屏東縣,霧台鄉,120.6551592,22.3598159
亞麻灣山西峰,屏東縣,霧台鄉,120.6573311,22.6304909
外獅頭山北峰,屏東縣,霧台鄉,120.6727477,22.2839427
達來山西峰,屏東縣,霧台鄉,120.6724847,22.7138075
溪樂格朗山,屏東縣,霧台鄉,120.6360205,22.4607306
真笠山西峰,屏東縣,霧台鄉,120.641562,22.6728101
著地螺留山西北峰,屏東縣,霧台鄉,120.6947373,22.4466887
來義山,屏東縣,霧台鄉,120.6802713,22.5215747
虻彈山北峰,屏東縣,霧台鄉,120.6501186,22.615498
笠頂山南峰,屏東縣,霧台鄉,120.6432502,22.634487
三地山西南峰,屏東縣,霧台鄉,120.6439134,22.72937
南巴卡路山,屏東縣,霧台鄉,120.6518421,22.2857569
合仔山,花蓮縣,秀林鄉,121.4598279,23.6492051
兵山,臺東縣,海端鄉,121.1525266,22.8277099
竹頭山西峰,高雄市,桃源區,120.6067645,22.9460518
海口山,桃園市,復興區,120.8027863,24.6552221
崁仔頂山,嘉義縣,阿里山鄉,120.5783319,23.6395929
下虎頭山,屏東縣,霧台鄉,120.7476594,22.0340506
高麗坑山,新北市,瑞芳/貢寮區,121.5564761,24.9653304
羅娜山北峰,花蓮縣,秀林鄉,120.8597735,23.6110736
鳳興山東峰,高雄市,桃源區,120.497492,23.1685391
大同山,新北市,瑞芳/貢寮區,121.4066951,24.9962457
南大平頂山,屏東縣,霧台鄉,120.7002481,22.0048777
三台山,屏東縣,霧台鄉,120.7723435,22.0242295
下七股山,新北市,瑞芳/貢寮區,121.5776693,25.1874861
山豬湖山,新北市,瑞芳/貢寮區,121.5551759,25.1463871
小草山南峰,新北市,瑞芳/貢寮區,121.5649429,25.1320491
玉稠湖山,新北市,瑞芳/貢寮區,121.545204,25.1157672
林子口山,新北市,瑞芳/貢寮區,121.5373761,25.0957671
牛稠尾山,新北市,瑞芳/貢寮區,121.6098705,25.0948242
老鷲尖,新北市,瑞芳/貢寮區,121.6261613,25.0959026
頂山溪山,新北市,瑞芳/貢寮區,121.5942201,25.1399412
四分里山,新北市,瑞芳/貢寮區,121.5971712,25.0348683
福山,新北市,瑞芳/貢寮區,121.6192811,25.0462619
茅草埔山,新北市,瑞芳/貢寮區,121.6078913,25.0379547
大豐山,新北市,瑞芳/貢寮區,121.6271509,25.0340921
柿子山,新北市,瑞芳/貢寮區,121.6173556,25.0869738
葫蘆洲山,新北市,瑞芳/貢寮區,121.6058158,25.0664856
大坑山,新北市,瑞芳/貢寮區,121.6027699,25.0151711
密婆坑山,新北市,瑞芳/貢寮區,121.5903879,25.00565
大前坑山,新北市,瑞芳/貢寮區,121.5905089,24.9965401
天立後山,新北市,瑞芳/貢寮區,121.5703947,25.0100199
興隆山,新北市,瑞芳/貢寮區,121.5627223,24.9932907
金頭山西峰,新北市,瑞芳/貢寮區,121.59237,24.9852673
樟山,新北市,瑞芳/貢寮區,121.5769031,24.978264
十六分山,新北市,瑞芳/貢寮區,121.5971679,24.9603622
南邦寮山,新北市,瑞芳/貢寮區,121.6119511,24.9654631
倒照湖山,新北市,瑞芳/貢寮區,121.5975829,25.0146982
新高麗坑山,新北市,瑞芳/貢寮區,121.5592904,24.9672666
山豬窟尖,新北市,瑞芳/貢寮區,121.6329269,25.0256751
中南山,新北市,瑞芳/貢寮區,121.613057,25.0505061
火炭坑山,新北市,瑞芳/貢寮區,121.6263959,25.0764821
梘頭山,新北市,瑞芳/貢寮區,121.5957351,25.0875832
西湖山,新北市,瑞芳/貢寮區,121.566402,25.0924212
水尾潭山,新北市,瑞芳/貢寮區,121.6215592,25.0983631
大邱田山東峰,新北市,瑞芳/貢寮區,121.6109519,25.1049731
開眼山,新北市,瑞芳/貢寮區,121.5989839,25.1048032
莊子頂山,新北市,瑞芳/貢寮區,121.5535109,25.1076831
圓山仔山,新北市,瑞芳/貢寮區,121.5802281,25.1164031
林子山,新北市,瑞芳/貢寮區,121.5340367,25.0954381
新北投山,新北市,瑞芳/貢寮區,121.519432,25.1408822
稻香山,新北市,瑞芳/貢寮區,121.4832009,25.1461291
永春寮山,新北市,瑞芳/貢寮區,121.5039534,25.1529188
貴子坑山,新北市,瑞芳/貢寮區,121.4930485,25.1506516
梅花山,新北市,瑞芳/貢寮區,121.6018501,25.1259211
內雙溪山,新北市,瑞芳/貢寮區,121.6041098,25.1359447
新圳頭山,新北市,瑞芳/貢寮區,121.5813049,25.1389511
瑪蕃山,新北市,瑞芳/貢寮區,121.5915739,25.1430021
高頂山,新北市,瑞芳/貢寮區,121.5882767,25.1515189
竹子湖山,新北市,瑞芳/貢寮區,121.5368541,25.170594
擎天崗山,新北市,瑞芳/貢寮區,121.574177,25.1682632
大油坑山,新北市,瑞芳/貢寮區,121.5815775,25.1753781
鹿角坑山,新北市,瑞芳/貢寮區,121.5659384,25.1953518
小嵩山,新北市,瑞芳/貢寮區,121.5510821,25.1967091
湖山,新北市,瑞芳/貢寮區,121.53647,25.1454072
頂湖山,新北市,瑞芳/貢寮區,121.5264767,25.1625667
圓覺尖,新北市,瑞芳/貢寮區,121.590497,25.0985901
溪山里山,新北市,瑞芳/貢寮區,121.589102,25.1192892
灣仔山,新北市,瑞芳/貢寮區,121.593518,25.0752942
四分子山,新北市,瑞芳/貢寮區,121.6168519,25.0298213
石崁山,新北市,瑞芳/貢寮區,121.6005035,25.1027069
磺溪山南峰,新北市,瑞芳/貢寮區,121.523621,25.1294037
博嘉山,新北市,瑞芳/貢寮區,121.5742617,25.0045318
象頭埔山,新北市,瑞芳/貢寮區,121.5924163,25.0012787
阿泉坑山,新北市,瑞芳/貢寮區,121.5662951,24.9739301
員潭子坑山,新北市,瑞芳/貢寮區,121.5657273,24.9643409
石壁坑山,新北市,瑞芳/貢寮區,121.582863,25.0069863
溪頭山,新北市,瑞芳/貢寮區,121.582122,25.0126686
興隆山東北峰,新北市,瑞芳/貢寮區,121.5676201,24.9949923
興福山,新北市,瑞芳/貢寮區,121.5534851,25.0038661
新埤山,新北市,瑞芳/貢寮區,121.5723804,25.0136145
北頂山,新北市,瑞芳/貢寮區,121.5913144,25.1507996
北五指山,新北市,瑞芳/貢寮區,121.5885985,25.1534318
杏林山,新北市,瑞芳/貢寮區,121.591627,25.1552642
石角山,新北市,瑞芳/貢寮區,121.5415866,25.1099784
三腳木山西峰,新北市,瑞芳/貢寮區,121.60783,25.0194602
麗山峰,新北市,瑞芳/貢寮區,121.5972993,25.0295345
獅形山,新北市,瑞芳/貢寮區,121.6087422,25.0320103
惠安公園,新北市,瑞芳/貢寮區,121.5647715,25.0246263
更寮腳山,新北市,瑞芳/貢寮區,121.62986,25.0304586
炮子林山,新北市,瑞芳/貢寮區,121.5788692,24.9822209
大湖山,新北市,瑞芳/貢寮區,121.60421,25.090807
三玄宮山,新北市,瑞芳/貢寮區,121.591139,24.9646318
白石湖山東峰,新北市,瑞芳/貢寮區,121.6015369,25.1085061
阿柔洋山,新北市,瑞芳/貢寮區,121.6142,24.9742702
忠勇山,新北市,瑞芳/貢寮區,121.58519,25.0983421
山豬窟尖西南峰,新北市,瑞芳/貢寮區,121.6307612,25.0244616
聖明山,新北市,瑞芳/貢寮區,121.6131304,25.0872155
鵝尾山,新北市,瑞芳/貢寮區,121.5818482,25.1307594
八斗山,新北市,瑞芳/貢寮區,121.6569449,25.1875561
大尖後山,新北市,瑞芳/貢寮區,121.5920911,25.1740031
梅竹蹊山,新北市,瑞芳/貢寮區,121.858931,25.033801
串空湖山,新北市,瑞芳/貢寮區,121.668108,24.9962722
青龍嶺,新北市,瑞芳/貢寮區,121.4031731,25.0003597
獅球嶺西砲台山,新北市,瑞芳/貢寮區,121.7325476,25.1243129
摩天嶺山,新北市,瑞芳/貢寮區,121.7317091,25.1415701
大德山,新北市,瑞芳/貢寮區,121.735282,25.1395391
望古山,新北市,瑞芳/貢寮區,121.7635156,25.0572133
石硿大崙,新北市,瑞芳/貢寮區,121.7207551,25.0464901
頂子寮山,新北市,瑞芳/貢寮區,121.7685874,25.0628044
赤蘭埔山,高雄市,桃源區,120.5012409,23.4426078
南湖大山中南峰,南投縣,仁愛鄉,121.4474301,24.3602755
南湖大山北峰,南投縣,仁愛鄉,121.4417124,24.3740058
南湖大山東北峰,南投縣,仁愛鄉,121.4467977,24.3759801
南湖大山東南峰,南投縣,仁愛鄉,121.4649295,24.3558312
南湖大山東峰,南投縣,仁愛鄉,121.4508533,24.3655943
陶塞峰,南投縣,仁愛鄉,121.4600372,24.3590926
雙峰山,苗栗縣,泰安鄉,120.7920333,24.44675
佳保台山,臺中市,和平區,121.0080326,24.186379
1492峰,臺中市,和平區,121.0085686,24.181513
外鳥嘴山,新北市,烏來區,121.2928292,24.7654002
罩蘭崎,苗栗縣,泰安鄉,120.7976927,24.295473
分水嶺,屏東縣,霧台鄉,120.2617899,22.6502908
埤腹山,新北市,瑞芳/貢寮區,121.5490239,24.9860782
尖山,新北市,淡水/三芝區,121.3387496,24.9451291
草坡山頂,屏東縣,霧台鄉,120.8023299,22.0772928
大崠山,臺中市,和平區,120.9354833,24.25845
山椒山,臺中市,和平區,120.96085,24.2667
船型山,臺中市,和平區,120.985097,24.2567472
魚池富山,花蓮縣,秀林鄉,120.9337667,23.8930333
南拳頭母山基點峰,宜蘭縣,大同鄉,121.5777833,24.6767667
松蘿山,宜蘭縣,大同鄉,121.5938,24.6713167
北溪,花蓮縣,秀林鄉,121.2392699,23.9597634
合流點,花蓮縣,秀林鄉,121.1932804,23.9506182
合流點山,花蓮縣,秀林鄉,121.1918167,23.96215
西嫩娃爾山,花蓮縣,秀林鄉,121.2173959,23.9326494
上台山,花蓮縣,秀林鄉,121.1184729,23.9526168
柴山主稜三角點,屏東縣,霧台鄉,120.2631366,22.6473528
玉稠湖山南峰,新北市,瑞芳/貢寮區,121.542632,25.1105802
霞迭爾山,屏東縣,霧台鄉,120.7619487,22.7038634
茶埔岩,屏東縣,霧台鄉,120.7866144,22.6631295
龜山,苗栗縣,泰安鄉,120.8646538,24.4198133
竹篙山,新北市,瑞芳/貢寮區,121.5729099,25.158291
九龙山,新北市,淡水/三芝區,119.5120866,25.1850801
坪山,新北市,淡水/三芝區,119.4669902,25.2202387
大峤山,新北市,淡水/三芝區,119.5623474,25.201706
万峰,新北市,淡水/三芝區,119.481734,25.2278604
鞍馬山,臺中市,和平區,121.0132,24.2699491
仙山,桃園市,復興區,120.9529739,24.5425597
萬芳山,新北市,瑞芳/貢寮區,121.5588566,25.0023703
灰窯坑山,新北市,瑞芳/貢寮區,121.5794787,25.0058061
抱子腳山,新北市,瑞芳/貢寮區,121.5663862,25.0041571
劍頭山,新北市,瑞芳/貢寮區,121.5779934,25.0138694
坡內坑山,新北市,瑞芳/貢寮區,121.579185,25.0015904
動物園山,新北市,瑞芳/貢寮區,121.5855224,24.9971425
猴山坑山,新北市,瑞芳/貢寮區,121.591902,24.9917007
金頭山西北峰,新北市,瑞芳/貢寮區,121.5927649,24.9859948
金頭山,新北市,瑞芳/貢寮區,121.592997,24.9851651
富德山,新北市,瑞芳/貢寮區,121.5943823,25.003993
杜鵑嶺,桃園市,復興區,121.0063981,24.5088418
蟾蜍山,新北市,瑞芳/貢寮區,121.5440317,25.0079828
虎空山,新北市,瑞芳/貢寮區,121.53009,25.0114355
車坪寮山,新北市,瑞芳/貢寮區,121.6082007,25.1312239
大香山,新北市,瑞芳/貢寮區,121.561287,24.961426
牛轀轆山,花蓮縣,秀林鄉,120.8490874,23.7770054
馬路馬山,花蓮縣,秀林鄉,120.8275,23.7779167
馬路麻山,花蓮縣,秀林鄉,120.8230815,23.7721719
線浸山,花蓮縣,秀林鄉,120.8265178,23.7649391
半天窟山,花蓮縣,秀林鄉,120.8302019,23.744532
樟湖山,花蓮縣,秀林鄉,120.816992,23.7393144
蛇山,屏東縣,霧台鄉,120.2797729,22.6694757
龜山,屏東縣,霧台鄉,120.2911124,22.6788958
未命名山峰,南投縣,仁愛鄉,121.3145084,24.350456
無名指峰,桃園市,復興區,121.1001291,24.6419481
白石山,新北市,淡水/三芝區,121.3176028,24.8526502
十三份山,新北市,淡水/三芝區,121.3253074,24.8578782
十三分山東,新北市,淡水/三芝區,121.330618,24.8588845
竹坑山,新北市,瑞芳/貢寮區,121.471942,24.8768281
北青春嶺,屏東縣,霧台鄉,120.2600128,22.6557697
基隆山東峰,新北市,瑞芳/貢寮區,121.8552812,25.1201028
鼻頭山,新北市,瑞芳/貢寮區,121.9195647,25.1233967
西川山,屏東縣,霧台鄉,121.0267583,22.6827983
太郎山,臺中市,和平區,120.93112,24.15114
阿冷山前峰,臺中市,和平區,120.9456189,24.1469251
阿冷山北峰,臺中市,和平區,120.9482539,24.159236
我音山基點峰,臺中市,和平區,120.9936501,24.0566441
我音山主峰,臺中市,和平區,120.998556,24.0537241
四季薰山,南投縣,仁愛鄉,121.440748,24.4870841
桑留守山,屏東縣,霧台鄉,120.679678,22.5968836
石苓湖山,苗栗縣,泰安鄉,120.802012,24.167518
麻須保留,臺東縣,海端鄉,120.9780169,23.2083251
橫山,苗栗縣,泰安鄉,120.593788,24.2848591
留倉賀山,新北市,烏來區,121.32846,24.533432
馬望海山,新北市,烏來區,121.3078004,24.5369785
五甲崩山,南投縣,仁愛鄉,121.3253054,24.0263186
新社山,苗栗縣,泰安鄉,120.799992,24.2630961
中阿玉山,新北市,瑞芳/貢寮區,121.6212041,24.811167
東阿玉山,宜蘭縣,大同鄉,121.6317939,24.7862744
治茆山北峰,花蓮縣,秀林鄉,120.9931956,23.7534823
治茆山南峰,花蓮縣,秀林鄉,120.9739169,23.7374941
水頭谷,花蓮縣,秀林鄉,121.0234601,23.9004252
秀崎山,新北市,瑞芳/貢寮區,121.814868,25.1111007
龍潭山,新北市,瑞芳/貢寮區,121.8215376,25.1117618
碧峰岩,新北市,瑞芳/貢寮區,121.8155089,25.1162768
小粗坑山,新北市,瑞芳/貢寮區,121.839142,25.1027601
龜山,苗栗縣,泰安鄉,120.7756532,24.4095734
小霸尖,新北市,瑞芳/貢寮區,121.692976,24.9978411
論劍山,新北市,瑞芳/貢寮區,121.569911,25.0949002
金童山,苗栗縣,泰安鄉,120.87116,24.4564151
汶水山,苗栗縣,泰安鄉,120.8720399,24.4588621
萬壽山,新北市,瑞芳/貢寮區,121.7973759,25.1063982
南萬壽山,新北市,瑞芳/貢寮區,121.797535,25.1052951
南雅山,新北市,瑞芳/貢寮區,121.8995174,25.1137498
未命名山峰,南投縣,仁愛鄉,121.2858596,24.4109123
報時山,新北市,瑞芳/貢寮區,121.8596293,25.1136603
煙囪山,新北市,瑞芳/貢寮區,121.8662265,25.1103013
尖筆山,桃園市,復興區,120.8981701,24.7216328
水社大山主峰,花蓮縣,秀林鄉,120.9722079,23.839398
雙龍山,花蓮縣,秀林鄉,120.93325,23.7754
西峰,屏東縣,霧台鄉,120.3060255,22.7325836
東峰,屏東縣,霧台鄉,120.3085404,22.7332574
二尖山,嘉義縣,阿里山鄉,120.6189361,23.584003
尖子頂,嘉義縣,阿里山鄉,120.77446,23.7562495
蕃社跡山,新北市,烏來區,121.3552881,24.548098
太武山,嘉義縣,阿里山鄉,119.6401255,23.5749287
土沙多山,臺東縣,海端鄉,121.1619411,23.3499501
阿桑來戛山,臺東縣,海端鄉,121.2252848,23.3704588
儒潤山,臺東縣,海端鄉,121.1191834,23.3790597
喀西帕南山,臺東縣,海端鄉,121.1926092,23.4632113
馬西桑山,臺東縣,海端鄉,121.143591,23.4034421
東獅頭山,桃園市,復興區,121.1966623,24.7436695
赤柯山南峰,桃園市,復興區,121.1995489,24.7502409
虎頭山,新北市,瑞芳/貢寮區,121.463992,25.1722182
五指山,桃園市,復興區,121.09616,24.6412881
二子山,新北市,瑞芳/貢寮區,121.5133302,25.1797989
百拉咔山,新北市,瑞芳/貢寮區,121.5176458,25.1880787
烘爐山,新北市,瑞芳/貢寮區,121.5136894,25.1930985
向天池山,新北市,瑞芳/貢寮區,121.4989543,25.1740268
頂湖山東北峰,新北市,瑞芳/貢寮區,121.5292242,25.1674754
小屯山,新北市,瑞芳/貢寮區,121.5187353,25.1660099
中嶺山,宜蘭縣,大同鄉,121.5772333,24.7170667
龜子頭山,苗栗縣,泰安鄉,120.833514,24.0083531
未命名山峰,新北市,烏來區,121.319687,24.6963016
馬望曾呂,新北市,烏來區,121.3468803,24.6889391
他里溫山,嘉義縣,阿里山鄉,120.7210369,23.7974321
水子尾,嘉義縣,阿里山鄉,120.7486602,23.7750561
連理山,臺東縣,海端鄉,121.1033429,23.3120216
真烈巴山,南投縣,仁愛鄉,121.202285,24.1521361
石門內尖山東峰,新北市,瑞芳/貢寮區,121.439832,24.9371451
合歡尖山,南投縣,仁愛鄉,121.2836037,24.1444094
磨婆寮山,新北市,瑞芳/貢寮區,121.7110741,24.8868211
島田山,新北市,烏來區,121.2461709,24.6444941
中島田山,新北市,烏來區,121.243808,24.6468161
錦屏山,新北市,烏來區,121.236044,24.6149015
志佳陽大山基點,南投縣,仁愛鄉,121.251334,24.3577807
小礁溪山,新北市,瑞芳/貢寮區,121.6688087,24.8179838
無耳茶壺山,新北市,瑞芳/貢寮區,121.865935,25.106363
江坡古,臺東縣,海端鄉,121.0724841,23.1326746
屯古巒巴,臺東縣,海端鄉,121.010281,23.1410481
振振,臺東縣,海端鄉,121.0352142,23.1554614
虎頭山,高雄市,桃源區,120.486896,23.1255481
內橫屏山,桃園市,復興區,121.197268,24.6850841
大刀山,新北市,瑞芳/貢寮區,121.5583848,24.8509123
阿玉溪山,新北市,瑞芳/貢寮區,121.5772933,24.8457136
拉樸山,新北市,瑞芳/貢寮區,121.5640594,24.8412439
薯榔尖,新北市,瑞芳/貢寮區,121.7132611,25.0284211
濫坑山,桃園市,復興區,120.8955212,24.6432089
占山(尖山),新北市,瑞芳/貢寮區,121.43613,25.127616
烏岩角,宜蘭縣,大同鄉,121.8753409,24.5343773
石碇尖,新北市,瑞芳/貢寮區,121.6622072,24.9870606
石碇雙尖峰2(石碇五尖),新北市,瑞芳/貢寮區,121.6659203,24.9815602
石碇雙尖峰1(石碇四尖),新北市,瑞芳/貢寮區,121.6656634,24.9824609
石碇三尖,新北市,瑞芳/貢寮區,121.6645782,24.9837919
石碇二尖,新北市,瑞芳/貢寮區,121.6631172,24.9861594
旗子腳山,新北市,瑞芳/貢寮區,121.672,24.9683667
未命名山峰,新北市,瑞芳/貢寮區,121.6689739,24.9746738
樹林山,新北市,瑞芳/貢寮區,121.4149265,24.9928414
未命名山峰,臺中市,和平區,121.0044283,24.1576778
未命名山峰,臺中市,和平區,120.9904069,24.1576319
多望來山,新北市,瑞芳/貢寮區,121.549968,24.8263861
大保克山,新北市,瑞芳/貢寮區,121.5552042,24.8279351
佳心山,臺東縣,海端鄉,121.2158846,23.3474448
黃麻山,臺東縣,海端鄉,121.207392,23.3396663
十寮山,新北市,淡水/三芝區,121.2233389,24.8000869
東畚箕窩山,新北市,淡水/三芝區,121.2182831,24.8000519
石人崠,新北市,烏來區,121.2166264,24.7956345
老虎山,新北市,烏來區,121.2111623,24.793403
彩和山,新北市,烏來區,121.232623,24.7858564
慈佛山,屏東縣,霧台鄉,120.3766197,22.719052
鹿母潭山,新北市,瑞芳/貢寮區,121.4745918,24.9063388
六寮山,桃園市,復興區,121.0204949,24.6462291
玉山西峰,臺東縣,海端鄉,120.9337289,23.4718712
小指峰,桃園市,復興區,121.102216,24.6420061
拇指峰,桃園市,復興區,121.0908541,24.637216
食指峰,桃園市,復興區,121.0931471,24.6392871
駱駝峰,新北市,瑞芳/貢寮區,121.6943403,25.2030357
野柳港山,新北市,瑞芳/貢寮區,121.6886661,25.2013659
西火炎山,苗栗縣,泰安鄉,120.7709894,24.0123554
三分山,新北市,淡水/三芝區,121.3310581,25.002828
青龍嶺,新北市,瑞芳/貢寮區,121.468307,24.973587
加九嶺,新北市,瑞芳/貢寮區,121.4819043,24.8618383
玉山圓峰,臺東縣,海端鄉,120.9532697,23.4577925
玉山,臺東縣,海端鄉,120.9572739,23.4699871
玉山北北峰,臺東縣,海端鄉,120.9590214,23.4911079
白冷山,臺中市,和平區,120.931672,24.199025
小觀音山,新北市,瑞芳/貢寮區,121.5428952,25.188772
小觀音山北北峰,新北市,瑞芳/貢寮區,121.5433534,25.1940487
小觀音山西北峰,新北市,瑞芳/貢寮區,121.5401346,25.196093
菜頭崙,新北市,瑞芳/貢寮區,121.5442767,25.1950168
二坪頂山,新北市,瑞芳/貢寮區,121.542233,25.2459181
大片頭山,新北市,瑞芳/貢寮區,121.4537771,25.2473671
內樹皮山,嘉義縣,阿里山鄉,120.7699218,23.6607169
羊頭崙,嘉義縣,阿里山鄉,120.7682919,23.6687271
慶福山,苗栗縣,泰安鄉,120.8473538,24.1806742
北大茅埔山,苗栗縣,泰安鄉,120.8463827,24.1939534
老崎坪頂,桃園市,復興區,120.9513908,24.6932781
崩山大崙,新北市,瑞芳/貢寮區,121.691608,24.9831742
石碇大崙,新北市,瑞芳/貢寮區,121.699197,24.9701501
三塔峰,屏東縣,霧台鄉,120.7642498,22.6337096
垃圾山,新北市,瑞芳/貢寮區,121.607731,25.0617393
馬武霸主峰,南投縣,仁愛鄉,121.2716653,24.3563808
樂利山,新北市,瑞芳/貢寮區,121.7098713,25.1230611
大柯山主峰,嘉義縣,阿里山鄉,120.7660723,23.712562
田頭山,嘉義縣,阿里山鄉,120.7643001,23.7108395
南坪山,嘉義縣,阿里山鄉,120.7446589,23.726721
阿屘那來山,花蓮縣,秀林鄉,121.2448311,23.5950242
大理石峰,花蓮縣,秀林鄉,121.2437778,23.6042284
龍船山,高雄市,桃源區,120.4322369,22.9521381
大林尾山,高雄市,桃源區,120.4424559,22.97738
龍船窩山,高雄市,桃源區,120.4261666,22.9393137
奎壁山,嘉義縣,阿里山鄉,119.6711631,23.6002068
尖山,新北市,瑞芳/貢寮區,121.5413585,25.1529468
蛇頭山,高雄市,桃源區,120.6955598,22.9071424
龍頭山,高雄市,桃源區,120.6861685,22.9112654
鱈葉根山,屏東縣,霧台鄉,120.6921051,22.656941
未命名山峰,屏東縣,霧台鄉,120.6730078,22.669297
大津山,高雄市,桃源區,120.6909458,22.8655648
棚集山,屏東縣,霧台鄉,120.657533,22.5080311
竹子山北峰,新北市,瑞芳/貢寮區,121.5674025,25.2168555
竹子山前峰,新北市,瑞芳/貢寮區,121.5596714,25.2101233
菜公坑山(反經石),新北市,瑞芳/貢寮區,121.5208561,25.1914501
頂山西南峰,新北市,瑞芳/貢寮區,121.5932918,25.1473416
光武山,新北市,瑞芳/貢寮區,121.472054,25.13767
土地公鼻山,新北市,瑞芳/貢寮區,121.459596,25.1307415
觀景峰,屏東縣,霧台鄉,120.2590584,22.6579479
北柴山控制點,屏東縣,霧台鄉,120.259067,22.6579746
阿里眉山,花蓮縣,秀林鄉,120.8972115,23.8573533
海鼠山,南投縣,仁愛鄉,121.52435,24.20355
東藤枝山,臺東縣,海端鄉,120.765265,23.0747541
貓空圓山,新北市,瑞芳/貢寮區,121.6031139,24.9669892
中坡山,新北市,瑞芳/貢寮區,121.5895343,25.035186
大巃頂,嘉義縣,阿里山鄉,120.6063729,23.5532851
桂子山,高雄市,桃源區,120.2027747,22.9778348
芳蘭山,新北市,瑞芳/貢寮區,121.55251,25.0087732
福德山,新北市,瑞芳/貢寮區,121.8969829,24.9668961
梯子板山,臺東縣,海端鄉,120.7858333,23.4745833
赤腳蘭山,新北市,瑞芳/貢寮區,121.5878173,24.9253635
未命名山峰,新北市,瑞芳/貢寮區,121.5909158,24.9259843
峰頭尖,新北市,瑞芳/貢寮區,121.714497,25.0061171
慈恩嶺,新北市,瑞芳/貢寮區,121.7337791,25.0185937
石燭尖,新北市,瑞芳/貢寮區,121.7296756,25.0178294
峰頭尖東峰,新北市,瑞芳/貢寮區,121.730715,25.0112491
紫萊山,新北市,瑞芳/貢寮區,121.742328,25.0174653
林專山,南投縣,仁愛鄉,121.225462,24.4206251
翠池三叉山,南投縣,仁愛鄉,121.2153373,24.3792662
雪山南峰,南投縣,仁愛鄉,121.237262,24.3721721
雪山西南峰,南投縣,仁愛鄉,121.205441,24.3572191
雪山西峰,臺中市,和平區,121.1956661,24.3967611
劍山,臺東縣,海端鄉,121.1654117,22.8679137
蓬萊仙島山,新北市,淡水/三芝區,121.2462372,24.805389
美鹿山南峰,新北市,瑞芳/貢寮區,121.5300311,24.8528871
筆架山,新北市,瑞芳/貢寮區,121.6303675,24.9748287
西帽子岩,新北市,瑞芳/貢寮區,121.6442392,24.9819804
巫山,新北市,瑞芳/貢寮區,121.4768414,24.8062467
四角亭,屏東縣,霧台鄉,120.3745415,22.7253751
青草寮山,高雄市,桃源區,120.446245,22.8522331
摩刻南,臺東縣,海端鄉,121.002002,23.1765041
大郎橋,臺東縣,海端鄉,121.0833798,23.0019136
長福山,新北市,瑞芳/貢寮區,121.5308768,25.1952739
未命名山峰,臺東縣,海端鄉,121.0654095,23.0396935
魔保來山,臺東縣,海端鄉,120.9725612,23.2818436
魔保來山基點峰,臺東縣,海端鄉,120.9653804,23.3020721
雲水山,臺東縣,海端鄉,120.8878509,23.137035
南美山,臺東縣,海端鄉,121.3778191,23.1372991
白守連山,臺東縣,海端鄉,121.3222202,23.1554488
金巢北山,南投縣,仁愛鄉,121.713578,24.3896171
砲臺山,南投縣,仁愛鄉,121.638347,24.4171941
未命名山峰,南投縣,仁愛鄉,121.6286999,24.4349139
1048,南投縣,仁愛鄉,121.6427549,24.4188834
去部山,臺東縣,海端鄉,121.1308361,23.1553911
碧山,新北市,瑞芳/貢寮區,121.5956061,25.1141862
魚寮山,新北市,瑞芳/貢寮區,121.8159325,25.0591481
七分寮山,新北市,瑞芳/貢寮區,121.644708,25.1459081
未命名山峰,南投縣,仁愛鄉,121.345244,24.4326191
未命名山峰,南投縣,仁愛鄉,121.3432091,24.4339731
牡丹山,新北市,瑞芳/貢寮區,121.8526625,25.0929021
南子吝山東峰,新北市,瑞芳/貢寮區,121.8822497,25.1213875
金剛山(頭部),臺東縣,海端鄉,121.4301765,23.3498132
金剛山(左臂),臺東縣,海端鄉,121.4353155,23.35084
金剛山(右臂),臺東縣,海端鄉,121.4315984,23.3477024
竹墓山,花蓮縣,秀林鄉,120.9587969,23.8049712
東白石山,花蓮縣,秀林鄉,121.2846207,23.9067222
金峰山,屏東縣,霧台鄉,120.970457,22.5959461
鹿寮山,嘉義縣,阿里山鄉,120.739851,23.6760148
石碇後山,新北市,瑞芳/貢寮區,121.594253,24.9272771
未命名山峰,臺東縣,海端鄉,120.8027146,23.4111578
北玉山,花蓮縣,秀林鄉,120.9282882,23.5167906
未命名山峰,花蓮縣,秀林鄉,120.9432659,23.5305891
四天王山,嘉義縣,阿里山鄉,120.6539672,23.5082567
大龍山,桃園市,復興區,121.0030483,24.5534509
北方澳鼻山,宜蘭縣,大同鄉,121.8827152,24.6004062
未命名山峰,宜蘭縣,大同鄉,121.8729147,24.6046002
未命名山峰,宜蘭縣,大同鄉,121.8633305,24.6063977
七星嶺,宜蘭縣,大同鄉,121.8532409,24.6034574
靈山,高雄市,桃源區,120.5229231,22.913661
未命名山峰,高雄市,桃源區,120.4999127,22.8935263
旗尾山,高雄市,桃源區,120.4969346,22.8968168
福美山,高雄市,桃源區,120.5040325,22.9016195
未命名山峰,臺東縣,海端鄉,121.1124592,23.0573679
未命名山峰,臺東縣,海端鄉,121.1177762,23.0616525
未命名山峰,臺東縣,海端鄉,121.1218571,23.0644573
未命名山峰,臺東縣,海端鄉,121.1087656,23.0454848
未命名山峰,臺東縣,海端鄉,121.1089766,23.0401967
鹿寮東山,臺東縣,海端鄉,121.1630072,22.927153
太平山,嘉義縣,阿里山鄉,120.6024009,23.5639084
尖凍山,高雄市,桃源區,120.612018,23.4777621
楠子口山北峰,新北市,瑞芳/貢寮區,121.6025523,24.9018051
巴巴奈蕃山,臺東縣,海端鄉,120.873915,22.8034671
庶把掘,屏東縣,霧台鄉,120.9315671,22.7876751
南久保山,屏東縣,霧台鄉,120.701264,22.4710381
未命名山峰,臺東縣,海端鄉,121.3275162,23.216181
未命名山峰,臺東縣,海端鄉,121.317518,23.2157811
869,臺東縣,海端鄉,121.3235349,23.2274005
未命名山峰,臺東縣,海端鄉,121.3188082,23.2290821
未命名山峰,南投縣,仁愛鄉,121.8461303,24.4902428
烏石鼻,南投縣,仁愛鄉,121.8586296,24.4812235
南澳嶺,南投縣,仁愛鄉,121.8315271,24.4761882
未命名山峰,南投縣,仁愛鄉,121.8393651,24.483026
戒茂斯山,臺東縣,海端鄉,121.012489,23.2424372
白髮山,南投縣,仁愛鄉,121.6100542,24.1937545
瀧奧,南投縣,仁愛鄉,121.290594,24.1040311
武浪洋山,南投縣,仁愛鄉,121.240682,24.0828461
虎頭山,屏東縣,霧台鄉,121.147664,22.793275
開高山,花蓮縣,秀林鄉,120.9337827,23.5775278
田良井山西峰,屏東縣,霧台鄉,120.683746,22.7232201
田良井山,屏東縣,霧台鄉,120.7035331,22.7262962
保屏岩山,屏東縣,霧台鄉,120.8568976,22.7513382
後棟仔山,嘉義縣,阿里山鄉,120.6295028,23.600953
北花東山,臺東縣,海端鄉,121.4060538,23.3392223
五叉崙山,花蓮縣,秀林鄉,120.8247763,23.6138004
未命名山峰,新北市,瑞芳/貢寮區,121.5360207,25.1837065
水母丁,臺東縣,海端鄉,121.4695719,23.3972381
萊萊山,新北市,瑞芳/貢寮區,121.9899916,25.0012306
虎寮潭山前峰,新北市,瑞芳/貢寮區,121.7502519,24.9466425
雲海山,新北市,瑞芳/貢寮區,121.6373574,24.9514455
老鷹岩,新北市,瑞芳/貢寮區,121.7052058,25.1625571
鹿山,桃園市,復興區,121.0536949,24.5319431
未命名山峰,臺中市,和平區,120.998732,24.4446771
大巃頂西北峰,嘉義縣,阿里山鄉,120.6055339,23.5547043
連理山西峰,臺東縣,海端鄉,121.0743286,23.30618
未命名山峰,臺東縣,海端鄉,120.9153693,23.1636564
萬頭蘭山,臺東縣,海端鄉,120.775703,22.9441791
內城,嘉義縣,阿里山鄉,120.7877612,23.9480156
巴井留守山北峰,屏東縣,霧台鄉,120.6736301,22.4700269
南阿冷山,臺中市,和平區,120.9374062,24.117407
水長流山,苗栗縣,泰安鄉,120.858838,24.0626241
中坑東山,新北市,瑞芳/貢寮區,121.795798,24.9944269
大漢山,屏東縣,霧台鄉,120.751111,22.4077911
具瑪努山,屏東縣,霧台鄉,120.7122424,22.4149277
崁頭窩山,屏東縣,霧台鄉,120.663829,22.413804
人輪山南峰,花蓮縣,秀林鄉,120.8840153,23.7360912
大嶼頂山,高雄市,桃源區,119.4412501,23.2035045
竹崙山,高雄市,桃源區,120.5280314,23.262891
李子園山,高雄市,桃源區,120.5219941,23.2810501
大牛條山,花蓮縣,秀林鄉,120.9265798,23.8765099
西關刀山,臺中市,和平區,120.999279,24.0064701
阿眉山,屏東縣,霧台鄉,121.4926807,22.6582759
貴妃山,新北市,烏來區,121.3006838,24.7525709
魚衡山南峰,新北市,瑞芳/貢寮區,121.599574,24.9963991
文峰山,高雄市,桃源區,120.6343795,23.495047
中央坑山,新北市,瑞芳/貢寮區,121.6760874,25.0031424
外石崁山,新北市,瑞芳/貢寮區,121.6562434,25.0028981
藤寮坑山,新北市,瑞芳/貢寮區,121.7003701,25.0092922
石霸尖,新北市,瑞芳/貢寮區,121.6946281,24.9976222
太巴六九山,臺東縣,海端鄉,121.0309842,22.8079541
琉球嶼山,屏東縣,霧台鄉,120.378899,22.3412451
大橫屏山南峰,苗栗縣,泰安鄉,120.8278301,24.0560861
高腰山,新北市,瑞芳/貢寮區,121.5235491,24.8607821
水螺山,新北市,瑞芳/貢寮區,121.8619189,25.1161524
破子寮山東峰,新北市,瑞芳/貢寮區,121.8603904,24.9815114
555峰,新北市,瑞芳/貢寮區,121.8721255,25.1072687
苦苓嶺,新北市,瑞芳/貢寮區,121.8949622,25.1099965
烏山尖,新北市,瑞芳/貢寮區,121.8250957,24.9454903
睏牛山,新北市,瑞芳/貢寮區,121.8707374,24.9591061
卡拉莫基山,宜蘭縣,大同鄉,121.5094661,24.7898242
西阿玉山,宜蘭縣,大同鄉,121.5921065,24.7875627
達觀山,新北市,烏來區,121.4413026,24.7241149
樂佩山,新北市,瑞芳/貢寮區,121.4718395,24.8096288
對高岳,花蓮縣,秀林鄉,120.8274279,23.522183
大人凍山,嘉義縣,阿里山鄉,120.7059473,23.6885436
馬槽山,新北市,瑞芳/貢寮區,121.5617835,25.1830131
東砲台山,新北市,瑞芳/貢寮區,121.7719094,25.1587761
北屏風山,宜蘭縣,大同鄉,121.7294808,24.5347575
西烏帽山,宜蘭縣,大同鄉,121.7147487,24.573465
蛇山,宜蘭縣,大同鄉,121.8279986,24.5223426
畚萁湖山,宜蘭縣,大同鄉,121.8231641,24.591008
暖壽山,新北市,瑞芳/貢寮區,121.7403955,25.098528
刀石崙,新北市,瑞芳/貢寮區,121.7047649,25.0261952
姜南山,新北市,瑞芳/貢寮區,121.7355366,25.0474431
大坑埔山東峰,新北市,瑞芳/貢寮區,121.764566,25.1061371
利茂岸山,宜蘭縣,大同鄉,121.5227433,24.7579945
獨立山,新北市,烏來區,121.4771801,24.576467
大山,宜蘭縣,大同鄉,121.873518,24.5820973
大雞岑山,苗栗縣,泰安鄉,120.8323162,24.3814951
觸口山,嘉義縣,阿里山鄉,120.6409881,23.7451431
二尖山,花蓮縣,秀林鄉,120.8232091,23.8672653
豎嶺山,新北市,瑞芳/貢寮區,121.6575434,25.1121588
鮕鮘坑山,新北市,瑞芳/貢寮區,121.6508927,25.0908994
溪邊寮山,新北市,瑞芳/貢寮區,121.6514261,24.9806117
平湖山,新北市,瑞芳/貢寮區,121.7753161,25.0319709
雷公岩,新北市,瑞芳/貢寮區,121.4413061,24.947447
港仔尾山,新北市,瑞芳/貢寮區,121.815593,25.1315268
三重橋山,新北市,瑞芳/貢寮區,121.5846914,25.1777991
石硬山,桃園市,復興區,121.0397371,24.6516251
大河底山,桃園市,復興區,120.9720636,24.6095492
獅尾山,桃園市,復興區,121.0214661,24.650609
龜山,桃園市,復興區,121.035302,24.6935773
六十石山,臺東縣,海端鄉,121.3175659,23.2191091
班喀山,臺東縣,海端鄉,121.1210404,23.2623858
那母岸山,臺東縣,海端鄉,121.2432257,23.2913152
大不岸山,花蓮縣,秀林鄉,121.5140965,23.6550916
加路蘭山,花蓮縣,秀林鄉,121.5254298,23.6825746
加里洞山,花蓮縣,秀林鄉,121.491617,23.6784578
東木瓜山,花蓮縣,秀林鄉,121.4579793,23.9155902
明德山,花蓮縣,秀林鄉,121.4828673,23.9180957
外木山國旗嶺,新北市,瑞芳/貢寮區,121.718762,25.1616941
大占山,苗栗縣,泰安鄉,120.748598,24.077288
中心山,花蓮縣,秀林鄉,120.8073818,23.9450466
南勢坑大尖,新北市,瑞芳/貢寮區,121.7057987,24.9792771
人頭面山,新北市,瑞芳/貢寮區,121.7065819,24.9753321
鑽石峰,新北市,瑞芳/貢寮區,121.7062435,24.9721471
鳥嘴尖,新北市,瑞芳/貢寮區,121.5849255,24.9213392
塘寮東山,新北市,烏來區,121.247992,24.7688485
蕩跋山,新北市,烏來區,121.208653,24.7669096
西新城山,桃園市,復興區,121.1620456,24.7678554
內灣山,桃園市,復興區,121.1859057,24.7059768
深澳坑砲台山,新北市,瑞芳/貢寮區,121.7822561,25.1172141
滿月圓山,新北市,瑞芳/貢寮區,121.4526868,24.8164638
多崖山,新北市,烏來區,121.4557672,24.7929676
東模故山,宜蘭縣,大同鄉,121.5578026,24.7393563
玫瑰西魔山,新北市,烏來區,121.4744253,24.6966143
棲蘭山,宜蘭縣,大同鄉,121.5029128,24.6814832
鷹山東峰,新北市,烏來區,121.3834554,24.7091477
拉號山東南峰,新北市,烏來區,121.3603522,24.7717324
牛角山,新北市,烏來區,121.3472312,24.7810494
內鳥嘴山西南峰,新北市,烏來區,121.2789301,24.7240701
新樂山,新北市,烏來區,121.2477736,24.7282926
東丘斯山,新北市,烏來區,121.4031794,24.5915263
光山,新北市,瑞芳/貢寮區,121.5382142,25.0090476
雙溪口山,新北市,瑞芳/貢寮區,121.6517706,25.0114478
雙溪口東峰,新北市,瑞芳/貢寮區,121.6582408,25.0118077
排寮尖,新北市,瑞芳/貢寮區,121.6640445,25.0125603
楓子林山,新北市,瑞芳/貢寮區,121.6425209,25.0019511
低陸山,新北市,烏來區,121.3664032,24.6317918
未命名山峰,新北市,淡水/三芝區,121.324534,25.0128811
良久社山,花蓮縣,秀林鄉,121.0292659,23.8658261
翡翠谷山,新北市,瑞芳/貢寮區,121.5897521,24.9092901
雙澳崙,新北市,瑞芳/貢寮區,121.884877,25.0532728
未命名山峰,臺東縣,海端鄉,121.0869983,23.1454974
未命名山峰,臺東縣,海端鄉,121.1013998,23.1336279
未命名山峰,臺東縣,海端鄉,121.0336199,23.1799859
1695,臺東縣,海端鄉,120.9983945,23.2026578
未命名山峰,臺東縣,海端鄉,121.0146733,23.1743614
未命名山峰,臺東縣,海端鄉,120.8856215,23.1446578
關東松,臺東縣,海端鄉,121.045923,23.0436471
未命名山峰,臺東縣,海端鄉,121.0591028,23.0419119
五里牌山,苗栗縣,泰安鄉,120.6737334,24.467393
黃土山,苗栗縣,泰安鄉,120.6672744,24.460671
觀音山,苗栗縣,泰安鄉,120.8360395,24.4387451
打榷崠山,苗栗縣,泰安鄉,120.8402538,24.417115
鳩州嶺,高雄市,桃源區,120.6106142,23.4702575
七星山,新北市,瑞芳/貢寮區,121.5534401,25.1707017
烏心石山,高雄市,桃源區,120.6096361,23.4659154
五堵南山,新北市,瑞芳/貢寮區,121.6788869,25.0797051
八股山,桃園市,復興區,120.946886,24.6232066
大坪山,桃園市,復興區,120.9437885,24.573203
紙湖山,桃園市,復興區,120.9476994,24.5732548
三字坑山,桃園市,復興區,120.936889,24.5895198
零功廟山,桃園市,復興區,120.854437,24.5663645
頭屋南山,桃園市,復興區,120.8520252,24.5733611
頭屋山,桃園市,復興區,120.8475013,24.582975
七里香山,桃園市,復興區,120.8885351,24.6164075
箭竹坑山,桃園市,復興區,120.9259584,24.6120006
箭竹子山,新北市,瑞芳/貢寮區,121.7271586,24.8658579
未命名山峰,南投縣,仁愛鄉,121.2828037,24.1124213
未命名山峰,南投縣,仁愛鄉,121.2830356,24.1184648
小奇萊,南投縣,仁愛鄉,121.2953556,24.1322373
未命名山峰,南投縣,仁愛鄉,121.2890066,24.133812
未命名山峰,臺東縣,海端鄉,121.2980907,23.1866426
未命名山峰,臺東縣,海端鄉,121.3103261,23.1778164
未命名山峰,臺東縣,海端鄉,121.3027607,23.1726989
未命名山峰,臺東縣,海端鄉,121.3062726,23.1681652
未命名山峰,臺東縣,海端鄉,121.3185827,23.1684228
未命名山峰,臺東縣,海端鄉,121.3162994,23.1828052
未命名山峰,臺東縣,海端鄉,121.305356,23.1859217
未命名山峰,臺東縣,海端鄉,121.3110423,23.1932985
馬鞍山,嘉義縣,阿里山鄉,120.6159909,23.573342
未命名山峰,臺東縣,海端鄉,121.0630136,23.1358715
未命名山峰,臺東縣,海端鄉,121.0464139,23.1315472
未命名山峰,臺東縣,海端鄉,121.0499973,23.1388086
未命名山峰,臺東縣,海端鄉,121.0840936,23.1308171
馬加里碗,臺東縣,海端鄉,121.0839264,23.1005331
未命名山峰,臺東縣,海端鄉,121.0812029,23.0945443
未命名山峰,臺東縣,海端鄉,121.0863423,23.0903971
2659,臺東縣,海端鄉,120.8924322,23.4886728
大馬武窟山,臺東縣,海端鄉,121.2869487,22.9779839
未命名山峰,臺東縣,海端鄉,121.3055805,22.9823017
八里芒,臺東縣,海端鄉,121.2297211,22.9247602
都禿山,臺東縣,海端鄉,121.2158108,22.9040925
742,臺東縣,海端鄉,121.2013839,22.9116235
未命名山峰,臺東縣,海端鄉,121.2045833,22.9051425
未命名山峰,臺東縣,海端鄉,121.2114494,22.9091329
南山坪山,新北市,瑞芳/貢寮區,121.7737477,25.0310271
茅平山,臺東縣,海端鄉,121.4855757,23.4321998
未命名山峰,臺東縣,海端鄉,121.438528,23.3872314
水母丁山,臺東縣,海端鄉,121.4506945,23.3801214
未命名山峰,臺東縣,海端鄉,121.4368972,23.3738383
未命名山峰,臺東縣,海端鄉,121.3778115,23.2793432
未命名山峰,臺東縣,海端鄉,121.3770079,23.2963475
東勢坑山,新北市,瑞芳/貢寮區,121.742987,25.0768111
卡拉寶山,南投縣,仁愛鄉,121.399396,24.1773561
黑岩山,南投縣,仁愛鄉,121.3581001,24.1922
未命名山峰,臺東縣,海端鄉,121.1141924,23.0363087
未命名山峰,臺東縣,海端鄉,121.1255968,23.0402296
未命名山峰,臺東縣,海端鄉,121.1175635,23.0314023
大埔山,臺東縣,海端鄉,121.1781419,22.980558
未命名山峰,臺東縣,海端鄉,121.1808975,22.9813123
未命名山峰,臺東縣,海端鄉,121.1933959,22.9549501
四十張山,新北市,瑞芳/貢寮區,121.478554,24.9967681
柑仔林山,花蓮縣,秀林鄉,120.831329,23.9907368
霧山,苗栗縣,泰安鄉,120.7429536,24.046417
饅頭山,新北市,瑞芳/貢寮區,121.4715993,24.9994464
獅子嘴岩,新北市,瑞芳/貢寮區,121.8163402,25.0747282
青獅山,新北市,瑞芳/貢寮區,121.5401535,24.9233876
四寮山,新北市,瑞芳/貢寮區,121.540001,24.8937031
東壘山,宜蘭縣,大同鄉,121.5319488,24.6036303
未命名山峰,宜蘭縣,大同鄉,121.5380148,24.7036963
未命名山峰,屏東縣,霧台鄉,121.5096677,22.6548156
未命名山峰,屏東縣,霧台鄉,121.5067585,22.654551
未命名山峰,屏東縣,霧台鄉,121.5070651,22.6606173
未命名山峰,屏東縣,霧台鄉,121.5123922,22.6631891
未命名山峰,屏東縣,霧台鄉,121.5098516,22.6619763
未命名山峰,屏東縣,霧台鄉,121.5113902,22.6815997
未命名山峰,屏東縣,霧台鄉,121.4824537,22.6478708
未命名山峰,屏東縣,霧台鄉,121.4796892,22.6705909
未命名山峰,屏東縣,霧台鄉,121.4925361,22.6691204
未命名山峰,屏東縣,霧台鄉,121.4796023,22.6490606
屏風山南峰,南投縣,仁愛鄉,121.3344883,24.1364267
未命名山峰,南投縣,仁愛鄉,121.3240776,24.1570383
大社觀音山,屏東縣,霧台鄉,120.37366,22.7271572
大尖腳,苗栗縣,泰安鄉,120.7723069,24.0909824
天雲山,高雄市,桃源區,120.6424055,23.4912784
知鳥山,嘉義縣,阿里山鄉,120.6508105,23.5134281
青園山,嘉義縣,阿里山鄉,120.6493512,23.5186851
碧湖山,嘉義縣,阿里山鄉,120.6192149,23.5693312
海鼠山,嘉義縣,阿里山鄉,120.6789157,23.559532
光崙山,嘉義縣,阿里山鄉,120.6875489,23.5081845
雲載山,嘉義縣,阿里山鄉,120.6929,23.5326649
大水窟山,臺東縣,海端鄉,121.0384772,23.4739767
圓潭巃山,嘉義縣,阿里山鄉,120.6674027,23.5068668
沙蓮山,臺中市,和平區,120.935711,24.2295416
枋壁頂山,苗栗縣,泰安鄉,120.755251,24.3017712
反水山,臺中市,和平區,120.9048396,24.3924401
細道邦山,臺中市,和平區,120.908941,24.3884861
秀魯葉山,南投縣,仁愛鄉,121.3266839,24.4200251
摩天嶺,嘉義縣,阿里山鄉,120.6925521,23.5116028
鰭尾山,屏東縣,霧台鄉,121.5049901,22.0814261
員山,新北市,淡水/三芝區,121.0013651,24.8833249
枋山坑崙,新北市,瑞芳/貢寮區,121.774293,24.9742622
大坪山,嘉義縣,阿里山鄉,120.6266,23.5384366
塘湖山,嘉義縣,阿里山鄉,120.6211151,23.5279105
未命名山峰,嘉義縣,阿里山鄉,120.6646875,23.5225555
未命名山峰,嘉義縣,阿里山鄉,120.6757852,23.5178422
未命名山峰,嘉義縣,阿里山鄉,120.6858537,23.5172084
長山,嘉義縣,阿里山鄉,120.697056,23.5218116
未命名山峰,嘉義縣,阿里山鄉,120.6942371,23.5245926
未命名山峰,嘉義縣,阿里山鄉,120.6764572,23.5455666
1136峰,宜蘭縣,大同鄉,121.5238328,24.6534973
1327峰,宜蘭縣,大同鄉,121.5267319,24.6685336
三層山,新北市,瑞芳/貢寮區,121.696016,25.1398561
瑪陵尖西北峰,新北市,瑞芳/貢寮區,121.694628,25.1122141
瑪陵尖東北峰,新北市,瑞芳/貢寮區,121.706906,25.1123331
石獅山,新北市,瑞芳/貢寮區,121.6890794,25.1073986
石象山,新北市,瑞芳/貢寮區,121.6856841,25.1049968
綠丘砲台,新北市,瑞芳/貢寮區,121.7625756,25.1373042
白米甕尖,新北市,瑞芳/貢寮區,121.7442891,25.1556062
九華山,新北市,瑞芳/貢寮區,121.7306841,25.1456221
定國山,新北市,瑞芳/貢寮區,121.7214576,25.1393331
內木山,新北市,瑞芳/貢寮區,121.721034,25.1508881
臥虎山,新北市,瑞芳/貢寮區,121.7194832,25.1523026
霹靂山,臺東縣,海端鄉,120.711402,23.4949772
小塔山,嘉義縣,阿里山鄉,120.7717302,23.5298429
小島田山,新北市,烏來區,121.2415408,24.6492433
嘉南雲峰,嘉義縣,阿里山鄉,120.7306145,23.610975
逐鹿山,新北市,瑞芳/貢寮區,121.4867041,24.8341264
金山,新北市,烏來區,121.2249379,24.7634811
烏尖連山,新北市,瑞芳/貢寮區,121.5223161,25.134701
未命名山峰,嘉義縣,阿里山鄉,120.7734143,23.5582896
東巒大山,花蓮縣,秀林鄉,121.0815666,23.6486504
內嶺爾山,花蓮縣,秀林鄉,121.1960432,23.579278
義西請馬至山,花蓮縣,秀林鄉,121.1532605,23.5867171
光頭山,花蓮縣,秀林鄉,121.2731015,23.9390826
達芬尖山,臺東縣,海端鄉,121.0132027,23.4327284
聖觀音峰,嘉義縣,阿里山鄉,120.755845,23.5529975
雌嶽山,嘉義縣,阿里山鄉,120.7679636,23.5666541
大塔山,花蓮縣,秀林鄉,120.8085319,23.5357311
未命名山峰,高雄市,桃源區,120.4934236,23.4796332
貓囒山,花蓮縣,秀林鄉,120.9079643,23.8813974
蛇頭山,嘉義縣,阿里山鄉,119.5486266,23.5535365
合歡山南峰,南投縣,仁愛鄉,121.2689649,24.1242129
卓沐山,苗栗縣,泰安鄉,120.8649591,24.3354834
奇萊池山,南投縣,仁愛鄉,121.3234062,24.1001505
崩棚山,嘉義縣,阿里山鄉,120.6693887,23.5182025
肥崠山,臺中市,和平區,120.9340587,24.25323
醜崠山,臺中市,和平區,120.9428293,24.2473525
雙子山,嘉義縣,阿里山鄉,120.7244219,23.5190969
北德文山,屏東縣,霧台鄉,120.6962016,22.7843402
德文山東南峰,屏東縣,霧台鄉,120.7094621,22.7577731
芝生毛台山,新北市,烏來區,121.308533,24.6345002
大凍山,臺東縣,海端鄉,120.7198932,23.4978586
佐久間山,南投縣,仁愛鄉,121.449202,24.1366352
二萬平山,嘉義縣,阿里山鄉,120.7880221,23.5023727
屏遮那山,臺東縣,海端鄉,120.7732413,23.4960811
石山,臺東縣,海端鄉,120.8560547,23.4734564
阿屘尖,新北市,淡水/三芝區,121.354329,24.8733277
小笠原山,花蓮縣,秀林鄉,120.8231922,23.5067805
未命名山峰,嘉義縣,阿里山鄉,120.7628224,23.5692122
五分山,新北市,淡水/三芝區,121.3321337,25.004774
北四埔,嘉義縣,阿里山鄉,120.731895,23.822268
貓霧霜山,嘉義縣,阿里山鄉,120.711113,23.872228
印第安頭山,新北市,瑞芳/貢寮區,121.8218857,25.1347313
港仔尾西峰,新北市,瑞芳/貢寮區,121.8139211,25.1324344
七斗山,新北市,瑞芳/貢寮區,121.8016099,25.1463881
五棲嶺,嘉義縣,阿里山鄉,120.6523447,23.5022984
東勢山,苗栗縣,泰安鄉,120.8488695,24.2793177
出雲山,苗栗縣,泰安鄉,120.8986591,24.2276518
分桂林山,苗栗縣,泰安鄉,120.897561,24.2187659
仙座台山,新北市,瑞芳/貢寮區,121.5666159,25.1045175
馬馬宇頓山,臺東縣,海端鄉,120.854704,23.281606
良楠山南峰,臺東縣,海端鄉,120.8114113,23.2555222
老鷹岩,新北市,瑞芳/貢寮區,121.8935805,25.1190886
大正點,花蓮縣,秀林鄉,120.9846159,23.8734938
鳥嘴尖,新北市,瑞芳/貢寮區,121.753872,25.1108151
鳥嘴尖西峰,新北市,瑞芳/貢寮區,121.751908,25.1109361
西大坑內山,新北市,瑞芳/貢寮區,121.7572781,25.1101181
紅淡山北北峰,新北市,瑞芳/貢寮區,121.753327,25.1221161
紅淡山北峰,新北市,瑞芳/貢寮區,121.7534552,25.1213973
紅淡山東北峰,新北市,瑞芳/貢寮區,121.7540683,25.1232259
金交椅山,新北市,瑞芳/貢寮區,121.754937,25.1250735
獅球嶺山,新北市,瑞芳/貢寮區,121.7374366,25.1191185
三角洲嶺北峰,新北市,瑞芳/貢寮區,121.7329505,25.1157948
獅球嶺北峰,新北市,瑞芳/貢寮區,121.7336408,25.121748
紅龍山,新北市,瑞芳/貢寮區,121.727831,25.1276891
蚵殼港山,新北市,瑞芳/貢寮區,121.726508,25.130553
未命名山峰,新北市,瑞芳/貢寮區,121.7597913,25.0817026
郡東山,花蓮縣,秀林鄉,121.1057068,23.6287164
可樂可樂安山,花蓮縣,秀林鄉,121.1174228,23.6232216
天南可蘭山,花蓮縣,秀林鄉,121.1303615,23.6086318
望崖山,花蓮縣,秀林鄉,121.1283231,23.6009289
斷稜西山,花蓮縣,秀林鄉,121.1411491,23.5971227
斷稜東山,花蓮縣,秀林鄉,121.1474417,23.5946847
馬路巴拉讓山,花蓮縣,秀林鄉,121.1827969,23.5813811
盧利拉駱山,花蓮縣,秀林鄉,121.2002739,23.5960651
小石公山,花蓮縣,秀林鄉,121.2248028,23.6320166
大石公山,花蓮縣,秀林鄉,121.2242602,23.6336304
關門西山,花蓮縣,秀林鄉,121.2279689,23.6771057
關門北山,花蓮縣,秀林鄉,121.2392179,23.693782
樂嘉山,花蓮縣,秀林鄉,121.282692,23.7587797
丹大山東峰,花蓮縣,秀林鄉,121.2245359,23.6022963
烏達佩山,花蓮縣,秀林鄉,121.0882829,23.6428141
望湖山,新北市,淡水/三芝區,121.3687078,24.9767948
三腳南山南峰,高雄市,桃源區,120.5901417,23.2343068
難山,高雄市,桃源區,120.5801022,23.2030491
吐蛇流山西北峰,屏東縣,霧台鄉,120.7047401,22.5900001
未命名山峰,嘉義縣,阿里山鄉,120.7430101,23.5527708
玉山小南山,臺東縣,海端鄉,120.9367986,23.441042
凸龜山,臺東縣,海端鄉,120.7425905,23.4861954
宣帽石山,嘉義縣,阿里山鄉,120.7769791,23.5786573
摘星峰,新北市,瑞芳/貢寮區,121.5492403,25.1722846
大南山,臺中市,和平區,121.1684024,24.3618914
幾阿佐名山,臺東縣,海端鄉,120.7355249,23.3391719
把家灣山,新北市,烏來區,121.3976409,24.6380851
玉打山,高雄市,桃源區,120.6995748,23.2767273
水社大山,花蓮縣,秀林鄉,120.9676811,23.8421483
合脗頭山,新北市,烏來區,121.3910047,24.7998031
茅草埔山北峰,新北市,瑞芳/貢寮區,121.6088689,25.0403022
東麻竹湖山,高雄市,桃源區,120.5484265,23.1676424
鯉魚山,新北市,瑞芳/貢寮區,121.59258,25.0952052
半天寮,臺中市,和平區,120.9302206,24.451304
腦寮莊山,臺中市,和平區,120.9420212,24.452259
戶亞羅山,屏東縣,霧台鄉,120.7229511,22.7835891
竹里山,新北市,瑞芳/貢寮區,121.5702785,25.2290363
潮州湖山,高雄市,桃源區,120.6723867,23.4270126
隙頂山東南峰,高雄市,桃源區,120.669726,23.4288281
天福山,臺東縣,海端鄉,120.7249839,23.4724697
美腿山,新北市,烏來區,121.3091432,24.7903006
大竹崙山,高雄市,桃源區,120.5022573,23.0278131
竹子尖山,高雄市,桃源區,120.5061365,23.0316609
烏山,高雄市,桃源區,120.5301236,23.0559612
孟璋山,高雄市,桃源區,120.5365754,23.058614
王爺崙山,高雄市,桃源區,120.4808851,23.011577
巴魯莫安山,南投縣,仁愛鄉,121.2441704,24.156411
南拳頭母山,宜蘭縣,大同鄉,121.5599715,24.6884408
花蓮山,花蓮縣,秀林鄉,121.6077051,23.9327991
玉峰山,新北市,烏來區,121.3591535,24.6158988
六分山,新北市,瑞芳/貢寮區,121.5861467,24.9572682
未命名山峰,南投縣,仁愛鄉,121.2523456,24.1760959
竿尾崙山,新北市,瑞芳/貢寮區,121.5349906,25.1995484
未命名山峰,新北市,烏來區,121.478895,24.6261071
倒別牛山,桃園市,復興區,121.0918626,24.7717614
南和山,桃園市,復興區,121.1190235,24.7967127
十四股山,桃園市,復興區,121.1181283,24.7993162
富浪波山,新北市,烏來區,121.2016907,24.7936882
老社寮山,桃園市,復興區,121.1872311,24.7652348
石水山主峰,臺東縣,海端鄉,120.8720067,23.4609503
二載山,苗栗縣,泰安鄉,120.8232983,24.0410274
大竹坑山,新北市,淡水/三芝區,121.2279304,24.8028017
未命名山峰,臺東縣,海端鄉,120.826528,23.4643488
檳榔樹格山,臺東縣,海端鄉,121.1127351,22.801559
乞食崙,苗栗縣,泰安鄉,120.58495,24.1583636
少女峰,屏東縣,霧台鄉,120.2616106,22.6401658
少男峰,屏東縣,霧台鄉,120.2656451,22.6690456
大尖石山,屏東縣,霧台鄉,120.7982076,21.9588428
小尖石山,屏東縣,霧台鄉,120.7934123,21.9723724
門馬羅山,屏東縣,霧台鄉,120.7907373,21.9796047
大湖頂山,新北市,淡水/三芝區,121.376997,24.9947651
三角埔頂山,新北市,瑞芳/貢寮區,121.4004939,25.0055537
和尚頭山,新北市,瑞芳/貢寮區,121.6768245,25.0467526
畚箕湖山北峰,新北市,瑞芳/貢寮區,121.663286,25.0285422
六寮崙山,新北市,瑞芳/貢寮區,121.4229661,24.9044056
阿泉坑山西北峰,新北市,瑞芳/貢寮區,121.562945,24.9759911
雞冠山,新北市,瑞芳/貢寮區,121.683633,25.0175841
九層坪山,新北市,瑞芳/貢寮區,121.684878,25.0345492
永定坑山,新北市,瑞芳/貢寮區,121.699766,25.0062381
烏來山,新北市,瑞芳/貢寮區,121.5623663,24.8687106
大桶山東峰,新北市,瑞芳/貢寮區,121.5645871,24.8771071
托里羅,屏東縣,霧台鄉,120.8306811,22.5163161
大霸尖山,南投縣,仁愛鄉,121.2579988,24.4577424
巴紗拉雲山,南投縣,仁愛鄉,121.2581239,24.4386948
竹子山北北峰,新北市,瑞芳/貢寮區,121.5691701,25.2187967
未命名山峰,新北市,瑞芳/貢寮區,121.5698903,25.2188968
牛稠湖山,新北市,瑞芳/貢寮區,121.6047991,25.0922193
太子嶺,新北市,瑞芳/貢寮區,121.4420011,24.9472213
初見山,花蓮縣,秀林鄉,121.3397277,23.838122
鹿鳴山,臺東縣,海端鄉,121.2425531,23.3168281
斛南山,臺東縣,海端鄉,121.2346983,23.3163353
未命名山峰,屏東縣,霧台鄉,120.7170656,22.546139
志良久山,宜蘭縣,大同鄉,121.5681522,24.7552775
南二子山,花蓮縣,秀林鄉,121.3260586,23.8632441
下林坪山,桃園市,復興區,120.949684,24.630038
未命名山峰,新北市,烏來區,121.4125796,24.6051369
布秀蘭山,南投縣,仁愛鄉,121.2592056,24.4288907
人待山,南投縣,仁愛鄉,121.3397885,24.251225
人待山北峰,南投縣,仁愛鄉,121.3383181,24.2560101
未命名山峰,臺中市,和平區,121.1705815,24.4575794
未命名山峰,臺中市,和平區,121.1652077,24.4536015
未命名山峰,臺中市,和平區,121.1604774,24.4526822
未命名山峰,臺中市,和平區,121.157164,24.4524935
未命名山峰,臺中市,和平區,121.1489344,24.4472053
西勢湖山,嘉義縣,阿里山鄉,120.7680766,23.7048007
大崙尾山,嘉義縣,阿里山鄉,120.7654272,23.6964809
民眾坪山,嘉義縣,阿里山鄉,120.7625234,23.6778567
貓冬望山,嘉義縣,阿里山鄉,120.7635329,23.6792641
未命名山峰,桃園市,復興區,121.0728388,24.573819
2125峰,屏東縣,霧台鄉,120.9532578,22.7951009
未命名山峰,屏東縣,霧台鄉,120.755752,22.6390961
平湖尖,新北市,瑞芳/貢寮區,121.7745358,25.0316462
牛欄坑山,新北市,烏來區,121.2731328,24.6878622
小觀音山西西峰,新北市,瑞芳/貢寮區,121.5324094,25.190689
光天高山,桃園市,復興區,121.0211936,24.5717757
二延平山,高雄市,桃源區,120.6529437,23.4255565
羅試山,臺東縣,海端鄉,121.054814,22.8568331
莫很山,南投縣,仁愛鄉,121.6197011,24.4094666
大和山,南投縣,仁愛鄉,121.590806,24.4239261
湯守岩,新北市,瑞芳/貢寮區,121.512995,25.1340691
雙峰山北峰,苗栗縣,泰安鄉,120.7940345,24.4544959
鶯子頂山,新北市,瑞芳/貢寮區,121.7976461,24.901012
蟾蜍山,新北市,瑞芳/貢寮區,121.4309747,24.8519146
東麓山,新北市,瑞芳/貢寮區,121.4199721,24.8521097
小格頭獅頭山,新北市,瑞芳/貢寮區,121.6310512,24.9438006
加大奈山最高峰,屏東縣,霧台鄉,120.9475585,22.703815
勝光山,南投縣,仁愛鄉,121.3501245,24.3751304
飯山,屏東縣,霧台鄉,121.5390441,22.0379422
中央尖山東峰,南投縣,仁愛鄉,121.423602,24.3081738
中央尖山西峰,南投縣,仁愛鄉,121.4045047,24.3087316
牡丹山,花蓮縣,秀林鄉,121.303826,23.9449157
武令山主峰,花蓮縣,秀林鄉,121.1617407,23.999336
東八仙山,臺中市,和平區,121.0272089,24.1607152
猴山岳,新北市,瑞芳/貢寮區,121.6004381,24.9766909
壽山,屏東縣,霧台鄉,120.2655619,22.6420188
冷水大山,新北市,瑞芳/貢寮區,121.5921936,25.1814921
幼坑山,新北市,瑞芳/貢寮區,121.8136662,25.0551218
觀音山,新北市,瑞芳/貢寮區,121.5336766,25.0110007
嶺頭山,嘉義縣,阿里山鄉,120.7992566,23.6493258
亞麻灣山,屏東縣,霧台鄉,120.6740535,22.6355238
奇萊尖,南投縣,仁愛鄉,121.3002599,24.1265696
獨立峰,新北市,淡水/三芝區,121.3699206,24.8753636
金柑樹山西北峰,花蓮縣,秀林鄉,120.8089627,23.6448033
金甘樹山主峰,花蓮縣,秀林鄉,120.8144901,23.635491
未命名山峰,臺中市,和平區,120.9909639,24.0062651
竹崙山,嘉義縣,阿里山鄉,120.77984,23.6806934
志騰山,嘉義縣,阿里山鄉,120.7778579,23.6785323
未命名山峰,臺中市,和平區,120.9918924,24.1451303
未命名山峰,臺中市,和平區,121.0066288,24.144511
烏松坑山,花蓮縣,秀林鄉,120.8148069,23.602075
水社大山南峰,花蓮縣,秀林鄉,120.9712909,23.830821
丹錐山,南投縣,仁愛鄉,121.5885685,24.1512573
托莫灣山,南投縣,仁愛鄉,121.5823881,24.1400266
魯壁山,新北市,烏來區,121.2736832,24.6644974
老鷲尖南峰,新北市,瑞芳/貢寮區,121.627198,25.0945052
學頭坡山,新北市,瑞芳/貢寮區,121.6365802,25.0772591
未命名山峰,桃園市,復興區,121.1769446,24.6376017
未命名山峰,桃園市,復興區,121.1926624,24.6286726
未命名山峰,新北市,烏來區,121.2120362,24.6136657
未命名山峰,新北市,烏來區,121.2086255,24.6155201
大安埤山,宜蘭縣,大同鄉,121.6689151,24.7243351
桃山頂,桃園市,復興區,121.109475,24.6015861
水頭谷山東南峰,花蓮縣,秀林鄉,121.0411952,23.8944886
未命名山峰,南投縣,仁愛鄉,121.4025663,24.1036494
磐石山西峰,南投縣,仁愛鄉,121.3578321,24.1099292
磐石山中峰,南投縣,仁愛鄉,121.3707517,24.1048193
月扇湖山,新北市,瑞芳/貢寮區,121.6587202,24.9593643
未命名山峰,嘉義縣,阿里山鄉,120.7977033,23.5878821
未命名山峰,嘉義縣,阿里山鄉,120.788691,23.5747945
未命名山峰,南投縣,仁愛鄉,121.3937625,24.1047217
未命名山峰,南投縣,仁愛鄉,121.4129717,24.0952427
未命名山峰,南投縣,仁愛鄉,121.4212097,24.0922693
未命名山峰,南投縣,仁愛鄉,121.4281965,24.0946203
未命名山峰,花蓮縣,秀林鄉,120.9781332,23.5724901
未命名山峰,花蓮縣,秀林鄉,120.9839938,23.5737837
未命名山峰,花蓮縣,秀林鄉,120.9900135,23.5710705
未命名山峰,臺東縣,海端鄉,120.9710022,23.4686671
未命名山峰,臺東縣,海端鄉,120.9630212,23.463823
未命名山峰,臺東縣,海端鄉,120.9555861,23.4600599
鎮遠山,新北市,淡水/三芝區,121.3921911,24.9937777
秋壇山,新北市,淡水/三芝區,121.3882849,24.9963887
大山背山,桃園市,復興區,121.1285201,24.6959281
西桃山,桃園市,復興區,121.0981254,24.5949326
三湖山,桃園市,復興區,120.901132,24.5412751
霧台山南峰,屏東縣,霧台鄉,120.7434342,22.7448924
竹篙山南峰,新北市,瑞芳/貢寮區,121.5755683,25.1506733
分水崙山,臺東縣,海端鄉,121.323293,23.1787186
大凍山,高雄市,桃源區,120.522627,23.3113216
泰平山,新北市,烏來區,121.3251049,24.6970567
未命名山峰,桃園市,復興區,121.0853083,24.6315151
糖子恩山,高雄市,桃源區,120.5248471,23.112331
小分林山,桃園市,復興區,121.061323,24.686035
未命名山峰,臺東縣,海端鄉,120.9815661,23.4792647
未命名山峰,花蓮縣,秀林鄉,120.9607163,23.5001749
未命名山峰,花蓮縣,秀林鄉,120.9433055,23.5052171
未命名山峰,臺東縣,海端鄉,121.0074342,23.4624957
未命名山峰,臺東縣,海端鄉,120.9598159,23.4413909
玉山三叉峰,臺東縣,海端鄉,120.9553603,23.4485661
布干山,臺東縣,海端鄉,121.1600366,23.46801
馬西山南峰,臺東縣,海端鄉,121.1758534,23.4771458
喀西帕南山北高坪,臺東縣,海端鄉,121.1817473,23.4736103
喀西帕南山西峰,臺東縣,海端鄉,121.1836496,23.4677736
塔比拉東山,花蓮縣,秀林鄉,121.1349649,23.5146761
馬里亞文路東峰,花蓮縣,秀林鄉,121.0974453,23.5217929
馬利亞文路山,花蓮縣,秀林鄉,121.0920619,23.514896
駒盆南峰,花蓮縣,秀林鄉,121.050067,23.5240032
他尾羅山,臺東縣,海端鄉,121.2957778,23.402698
龍鳳山,嘉義縣,阿里山鄉,120.7815996,23.6550187
水桶寮山,嘉義縣,阿里山鄉,120.7692141,23.6667765
龍鳳峽山,嘉義縣,阿里山鄉,120.7792951,23.6551121
三叉崙山,嘉義縣,阿里山鄉,120.7765267,23.6580726
金面山,新北市,瑞芳/貢寮區,121.575062,25.0912641
未命名山峰,花蓮縣,秀林鄉,121.042656,23.7895025
加年端山,花蓮縣,秀林鄉,121.0888553,23.7657221
拉夫郎山,花蓮縣,秀林鄉,121.0693281,23.7700144
拉夫郎山西北峰,花蓮縣,秀林鄉,121.0542679,23.7808461
壽山,新北市,淡水/三芝區,121.3260856,24.895199
南草山,新北市,瑞芳/貢寮區,121.8774131,25.0758431
萬山,臺東縣,海端鄉,120.8293516,22.9208024
鳥嘴尖,新北市,瑞芳/貢寮區,121.698998,24.9997142
未命名山峰,宜蘭縣,大同鄉,121.6638169,24.5912945
茶留凡山,屏東縣,霧台鄉,120.7925808,22.2871911
鳥嘴尖,新北市,瑞芳/貢寮區,121.7253379,25.0471272
未命名山峰,新北市,烏來區,121.2761704,24.5410492
未命名山峰,新北市,烏來區,121.300848,24.530636
金字面山,高雄市,桃源區,120.5107832,22.9039785
牡丹路山,屏東縣,霧台鄉,120.7617532,22.1820555
友蚋山南峰,新北市,瑞芳/貢寮區,121.6257851,25.1292201
豬槽山,苗栗縣,泰安鄉,120.7412264,24.1267831
冬瓜山,苗栗縣,泰安鄉,120.739614,24.1225658
金平山南峰,新北市,淡水/三芝區,121.3773375,24.8272538
藤枝山,臺東縣,海端鄉,120.7384876,23.0620574
墓碑山,嘉義縣,阿里山鄉,120.7804411,23.976714
向陽山北峰,臺東縣,海端鄉,121.0084789,23.2912957
島俱子山,新北市,烏來區,121.3899721,24.5399752
復興山,新北市,瑞芳/貢寮區,121.8674962,25.1100457
保羅尖,新北市,瑞芳/貢寮區,121.8810247,25.113143
金明山,新北市,瑞芳/貢寮區,121.6214599,25.1195911
火燒坪山,新北市,瑞芳/貢寮區,121.6164039,25.1238991
樟湖山,新北市,瑞芳/貢寮區,121.5797631,24.9719951
貓空尖,新北市,瑞芳/貢寮區,121.6011208,24.9610283
貓空圓山東北峰,新北市,瑞芳/貢寮區,121.6051649,24.9678374
獅球山,新北市,瑞芳/貢寮區,121.5856563,24.9683061
福州山,新北市,瑞芳/貢寮區,121.5547933,25.017098
軍功山,新北市,瑞芳/貢寮區,121.563366,25.00788
中埔山東峰,新北市,瑞芳/貢寮區,121.556468,25.0121576
白姑西峰,臺中市,和平區,121.0937358,24.1906267
西崁山,嘉義縣,阿里山鄉,119.5970744,23.7376609
圍貓尖山,新北市,瑞芳/貢寮區,121.6519982,25.1050146
田良井山西南峰,屏東縣,霧台鄉,120.694846,22.7180101
田良井山前峰,屏東縣,霧台鄉,120.686485,22.7218752
鶯歌石山,新北市,瑞芳/貢寮區,121.9720713,24.994412
大堀澳山,新北市,瑞芳/貢寮區,121.9663679,24.990224
石城山,新北市,瑞芳/貢寮區,121.9607281,24.9879261
大湖山,新北市,瑞芳/貢寮區,121.9438192,24.9879531
桶盤堀尖東峰,新北市,瑞芳/貢寮區,121.9374281,24.9829421
金露山,新北市,瑞芳/貢寮區,121.5484589,25.1674638
未命名山峰,新北市,瑞芳/貢寮區,121.559821,25.1773101
凱達格蘭山,新北市,瑞芳/貢寮區,121.5530515,25.1684825
大棟山,新北市,淡水/三芝區,121.3841072,24.995877
小觀音山北峰,新北市,瑞芳/貢寮區,121.5426806,25.191482
尾寮山,高雄市,桃源區,120.6762601,22.8570617
真笠山,屏東縣,霧台鄉,120.6667951,22.6697711
德文山,屏東縣,霧台鄉,120.6920469,22.763907
刣牛湖山,高雄市,桃源區,120.5230849,23.0484711
卓武山,臺東縣,海端鄉,120.7094919,23.3072609
棚機山,臺東縣,海端鄉,120.7675321,23.3681678
南雙頭山,臺東縣,海端鄉,121.0105795,23.3458858
頂笨子山,臺東縣,海端鄉,120.715852,23.4156831
麒麟山,臺東縣,海端鄉,121.3217187,23.1178371
南大水窟山,臺東縣,海端鄉,121.0519319,23.4508821
雲峰,臺東縣,海端鄉,120.975793,23.3537891
塔芬山,臺東縣,海端鄉,121.026812,23.4060111
馬博拉斯山,花蓮縣,秀林鄉,121.0671084,23.5204009
盆駒山,花蓮縣,秀林鄉,121.0324932,23.548379
人倫山,花蓮縣,秀林鄉,120.8802643,23.7539604
布拉克桑山,臺東縣,海端鄉,121.0787129,23.2331222
馬西山,臺東縣,海端鄉,121.17397,23.483735
萬人山,臺東縣,海端鄉,121.3167371,23.2324121
大港口山,臺東縣,海端鄉,121.5039901,23.4832821
耶巴奧山,南投縣,仁愛鄉,121.2313716,24.4668848
橫屏背山,桃園市,復興區,121.0269991,24.6153659
那結山,新北市,烏來區,121.3100905,24.7560148
學田山(三等),苗栗縣,泰安鄉,120.5866604,24.1261677
石尖山,屏東縣,霧台鄉,120.3940631,22.7880311
他果晏山,臺東縣,海端鄉,120.7246761,23.1800572
友蚋山,新北市,瑞芳/貢寮區,121.6292451,25.1417238
頂山,新北市,瑞芳/貢寮區,121.5938609,25.1488471
五指山,新北市,瑞芳/貢寮區,121.6074581,25.1292331
南港山,新北市,瑞芳/貢寮區,121.586236,25.025599
大舌湖山,新北市,瑞芳/貢寮區,121.7393289,24.9589311
十三股山,新北市,瑞芳/貢寮區,121.6482672,24.9425282
三爪子坑山,新北市,瑞芳/貢寮區,121.8130716,25.0852497
千金湖山,屏東縣,霧台鄉,120.6264228,22.4983608
信義山,臺東縣,海端鄉,121.3210345,23.0231993
加只來山,臺東縣,海端鄉,121.33461,23.0636761
前麒麟山,臺東縣,海端鄉,121.348962,23.0897992
北觀音山,苗栗縣,泰安鄉,120.8942802,24.0474622
校栗林山,臺中市,和平區,120.9154181,24.064874
天上山,新北市,瑞芳/貢寮區,121.456085,24.9462931
南勢角山,新北市,瑞芳/貢寮區,121.4957505,24.9692755
向天山,新北市,瑞芳/貢寮區,121.502681,25.1728831
面天山,新北市,瑞芳/貢寮區,121.5051299,25.1742951
新置山,屏東縣,霧台鄉,120.6443089,22.539775
頭崙山,屏東縣,霧台鄉,120.629503,22.540096
半天岩山,高雄市,桃源區,120.6038739,23.4590021
崁等山,嘉義縣,阿里山鄉,120.5763939,23.6305291
東埔山,臺東縣,海端鄉,120.8961259,23.4998661
下銅山,宜蘭縣,大同鄉,121.68516,24.5016201
拔都諾府山,南投縣,仁愛鄉,121.4414609,24.400605
巴都服山,南投縣,仁愛鄉,121.4387728,24.3917943
馬武佐野郡山,南投縣,仁愛鄉,121.3231789,24.3710932
塔曼山,新北市,烏來區,121.4504085,24.7059902
復興尖山,新北市,烏來區,121.4487948,24.6596936
檜山,新北市,烏來區,121.4666171,24.7514985
模故山,宜蘭縣,大同鄉,121.5277255,24.7366087
未命名山峰,新北市,烏來區,121.4730964,24.6601825
未命名山峰,新北市,烏來區,121.4741589,24.656292
東舞樂山,臺東縣,海端鄉,121.1304061,23.2220811
轆轆山,臺東縣,海端鄉,120.9980804,23.3913576
萬安山,臺東縣,海端鄉,121.2225261,23.0968082
網子山,高雄市,桃源區,120.6723583,22.9462861
真我山,高雄市,桃源區,120.6707249,22.9186731
石南山,臺東縣,海端鄉,120.7459221,22.8693081
霧台山,屏東縣,霧台鄉,120.7398601,22.7490861
兜山,屏東縣,霧台鄉,120.8890949,22.712833
旗鹽山,屏東縣,霧台鄉,120.7318705,22.6718719
方屯山,屏東縣,霧台鄉,120.8035631,22.5506471
衣丁山,屏東縣,霧台鄉,120.7532791,22.5109219
盆賀里山,屏東縣,霧台鄉,120.6575909,22.4796931
力里山,屏東縣,霧台鄉,120.6828358,22.4225927
石可見山,屏東縣,霧台鄉,120.7404877,22.4494586
姑子崙山,屏東縣,霧台鄉,120.789114,22.4182781
外麻里巴山,屏東縣,霧台鄉,120.7474218,22.2881275
女仍山,屏東縣,霧台鄉,120.7848621,22.1953371
千里眼山,南投縣,仁愛鄉,121.6476178,24.2059793
馬蕃帕山,臺東縣,海端鄉,120.936486,23.0711551
桃米坑山,花蓮縣,秀林鄉,120.9081359,23.951153
大雪山北峰,臺中市,和平區,121.1247396,24.3421506
奇峻山,臺中市,和平區,121.1373313,24.3546571
台亞夫山,新北市,烏來區,121.3454716,24.6557501
馬武督山,新北市,烏來區,121.2613714,24.7541631
加那排山,新北市,烏來區,121.2082451,24.7276821
帽盒山,新北市,烏來區,121.2260185,24.7414424
二確山,桃園市,復興區,121.1473411,24.7347162
沙坑山,桃園市,復興區,121.1463654,24.740477
鹿鵠崙,新北市,瑞芳/貢寮區,121.5130733,24.9020501
月眉山,新北市,瑞芳/貢寮區,121.773352,25.1205851
針山,花蓮縣,秀林鄉,121.3236715,23.9013024
梅花山西南峰,新北市,瑞芳/貢寮區,121.597637,25.12088
福源山,新北市,淡水/三芝區,121.3647912,24.9785033
西鶯山,新北市,淡水/三芝區,121.3467898,24.9593545
鶯歌蛋山,新北市,淡水/三芝區,121.3494019,24.9679479
未命名山峰,臺中市,和平區,120.9910577,24.2666249
大湖嶺,桃園市,復興區,120.991768,24.6131136
舊武界越山,花蓮縣,秀林鄉,121.053329,23.969306
大尖山東峰,花蓮縣,秀林鄉,121.0295278,23.846168
八頭山,新北市,瑞芳/貢寮區,121.514632,25.1337811
藍鵲峰,新北市,瑞芳/貢寮區,121.755325,25.0242393
白鶯岩,新北市,瑞芳/貢寮區,121.7515478,25.0241658
豬母屏山,新北市,瑞芳/貢寮區,121.5555916,25.2284505
梳妝頂山,新北市,瑞芳/貢寮區,121.7693088,24.9254598
獵鷹尖,高雄市,桃源區,120.5803161,23.1921731
土庫岳東峰,新北市,瑞芳/貢寮區,121.6376791,25.0241131
白姑大山三叉峰,臺中市,和平區,121.10724,24.1987576
慈母峰,新北市,瑞芳/貢寮區,121.7381998,25.0190621
柴埕尖,新北市,瑞芳/貢寮區,121.5081675,24.9686197
櫧山,花蓮縣,秀林鄉,121.0824921,23.5907585
本鄉山,花蓮縣,秀林鄉,121.0857309,23.611404
匹匹達山,臺中市,和平區,121.1142609,24.3287857
鵝公髻東北峰,桃園市,復興區,121.084293,24.6187512
清風崙,新北市,瑞芳/貢寮區,121.5335859,25.1938359
久集山,屏東縣,霧台鄉,120.6700581,22.4973805
克孝峰,高雄市,桃源區,120.5359761,22.920433
雙峰山,高雄市,桃源區,120.5359463,22.9248753
指南山,新北市,瑞芳/貢寮區,121.5876678,24.979267
石坡坑山,新北市,瑞芳/貢寮區,121.5911781,24.9705281
石坡坑山西北峰,新北市,瑞芳/貢寮區,121.5880443,24.9736614
指南宮後山,新北市,瑞芳/貢寮區,121.5900056,24.9803501
白匏湖山西峰,新北市,瑞芳/貢寮區,121.6439656,25.0515176
大石壁坑山,新北市,瑞芳/貢寮區,121.904537,25.0030651
卡賀爾山,南投縣,仁愛鄉,121.2703053,24.0068789
鳳林山主峰,花蓮縣,秀林鄉,121.3889092,23.7614484
柑腳坑山,新北市,瑞芳/貢寮區,121.761405,24.9403381
建牌崙,新北市,瑞芳/貢寮區,121.7556191,24.9237121
火焰山,新北市,瑞芳/貢寮區,121.443847,24.9464051
鹿寮山,新北市,瑞芳/貢寮區,121.6585368,25.1139615
古魯南峰,宜蘭縣,大同鄉,121.6594977,24.5769601
古魯山,宜蘭縣,大同鄉,121.661919,24.5874461
大陂丘山,宜蘭縣,大同鄉,121.7348869,24.6371971
大茅埔山,苗栗縣,泰安鄉,120.870781,24.1801051
九龍山,高雄市,桃源區,120.5335287,23.3219336
北五峰旗山,新北市,瑞芳/貢寮區,121.739854,24.8470681
崩山,桃園市,復興區,120.9666748,24.5652648
金瓜石砲台(雲長山),新北市,瑞芳/貢寮區,121.8603499,25.1119905
半屏山,新北市,瑞芳/貢寮區,121.8683844,25.1016266
大派蘭山,臺東縣,海端鄉,121.0737949,22.8726991
粗坑崙山,新北市,瑞芳/貢寮區,121.653631,24.9507991
屏風山,新北市,瑞芳/貢寮區,121.723055,25.0413615
東勢大崙,新北市,瑞芳/貢寮區,121.7454491,25.0696039
觀音湖山,新北市,瑞芳/貢寮區,121.7406271,25.0823534
鱉溪邊山(東富里山),臺東縣,海端鄉,121.2689119,23.1743483
黃金台,新北市,瑞芳/貢寮區,121.8683911,25.1073364
381峰,新北市,瑞芳/貢寮區,121.8760796,25.1113887
龍牙岩,新北市,瑞芳/貢寮區,121.8750025,25.1098856
南勢坑山,新北市,瑞芳/貢寮區,121.7040451,24.9698521
小尖山,新北市,瑞芳/貢寮區,121.70264,24.9789841
小尖山前峰,新北市,瑞芳/貢寮區,121.702559,24.9796171
小尖山北峰,新北市,瑞芳/貢寮區,121.700808,24.9856922
饅頭山,南投縣,仁愛鄉,121.4785069,24.1849928
中埔山,新北市,瑞芳/貢寮區,121.6888913,25.1002799
中埔山東峰,新北市,瑞芳/貢寮區,121.691293,25.1016034
鹿仔望峰,苗栗縣,泰安鄉,120.8357276,24.4009356
烏來山前峰,新北市,瑞芳/貢寮區,121.561555,24.8676444
善財岩,新北市,瑞芳/貢寮區,121.427239,25.1285192
龍女岩,新北市,瑞芳/貢寮區,121.4250379,25.129529
銅門,花蓮縣,秀林鄉,121.4993356,23.9662568
凌雲尖,新北市,瑞芳/貢寮區,121.425938,25.129554
駱駝嶺,新北市,瑞芳/貢寮區,121.427161,25.1311861
開山嶺,新北市,瑞芳/貢寮區,121.421896,25.1298377
盤絲2尖,新北市,瑞芳/貢寮區,121.427277,25.12934
盤絲1尖,新北市,瑞芳/貢寮區,121.428175,25.129196
潮音2尖,新北市,瑞芳/貢寮區,121.43067,25.12856
潮音1尖,新北市,瑞芳/貢寮區,121.431458,25.1289501
五八山,新北市,瑞芳/貢寮區,121.4250142,25.1323242
496峰,新北市,瑞芳/貢寮區,121.4229492,25.1312633
未命名山峰,新北市,瑞芳/貢寮區,121.4234651,25.1356589
東明山,新北市,瑞芳/貢寮區,121.433334,25.1263631
福德坑山東峰,新北市,淡水/三芝區,121.352623,24.926204
乳姑山,新北市,淡水/三芝區,121.1843729,24.8673381
七分山,新北市,淡水/三芝區,121.3061881,25.0515199
尖山,新北市,淡水/三芝區,121.309511,25.0512111
羊稠公山,新北市,淡水/三芝區,121.3119406,25.0512872
羊稠坑山,新北市,淡水/三芝區,121.318771,25.0525311
大青坑崙,新北市,淡水/三芝區,121.3939919,24.9934529
八分山,新北市,淡水/三芝區,121.3078683,25.0506979
牛欄窩山,桃園市,復興區,121.1271461,24.7655654
草古安山,臺東縣,海端鄉,121.3041406,23.4889432
舊寮山,宜蘭縣,大同鄉,121.7317423,24.5995501
下盆山,新北市,瑞芳/貢寮區,121.4914275,24.8071483
尖凍山,新北市,瑞芳/貢寮區,121.424281,25.0604701
向天湖山,新北市,瑞芳/貢寮區,121.524122,24.8836121
五榕山,苗栗縣,泰安鄉,120.7529601,24.1221269
石灰坑山,新北市,淡水/三芝區,121.3723719,24.9799291
火燒山,新北市,瑞芳/貢寮區,121.5044399,25.1712165
三福山,新北市,瑞芳/貢寮區,121.4046423,25.0076819
阿拔仔山,花蓮縣,秀林鄉,121.2451175,23.6107781
盧利拉駱山西峰,花蓮縣,秀林鄉,121.1895462,23.5950112
暗寶劍山,新北市,瑞芳/貢寮區,121.5800215,24.9272876
未命名山峰,苗栗縣,泰安鄉,120.6686358,24.1573722
車坪寮崙,新北市,瑞芳/貢寮區,121.6111236,25.1269099
桐林山(701峰),苗栗縣,泰安鄉,120.7919348,24.0346124
龜公山,新北市,淡水/三芝區,121.366654,24.9628511
志摩山,臺中市,和平區,121.081328,24.3245431
后里觀音山,苗栗縣,泰安鄉,120.7568841,24.3063158
人字石山,高雄市,桃源區,120.5486036,22.9227738
觀音石山,嘉義縣,阿里山鄉,120.5947169,23.5474281
北柴山三角點,屏東縣,霧台鄉,120.2592003,22.6584444
枕頭山,新北市,淡水/三芝區,120.9788805,24.8008652
水底寮山西北峰,高雄市,桃源區,120.548117,23.2242831
烏妹浪胖山,花蓮縣,秀林鄉,121.1533045,23.5717746
羌仔寮山,高雄市,桃源區,120.5543453,22.9411041
未命名山峰,苗栗縣,泰安鄉,120.8651246,24.1822764
未命名山峰,苗栗縣,泰安鄉,120.8647061,24.1837041
義確山,桃園市,復興區,121.1436082,24.7352709
四分子山,新北市,瑞芳/貢寮區,121.8348457,25.0092826
駱駝山,屏東縣,霧台鄉,120.3817733,22.7308792
筆架山,屏東縣,霧台鄉,120.3670938,22.7222432
福氣嶺,屏東縣,霧台鄉,120.3837656,22.7349439
駱駝山南峰,屏東縣,霧台鄉,120.3809867,22.7304225
立山,屏東縣,霧台鄉,120.3738098,22.721648
富山,屏東縣,霧台鄉,120.3732862,22.7197768
清心嶺,屏東縣,霧台鄉,120.3787237,22.7222442
武山,屏東縣,霧台鄉,120.3786586,22.7260431
尖山,屏東縣,霧台鄉,120.3765101,22.730726
大尖山,屏東縣,霧台鄉,120.3777393,22.7309838
雞寮坑山,桃園市,復興區,121.142011,24.7648151
包樹崠山,苗栗縣,泰安鄉,120.8834404,24.3914701
石灰坑東峰,新北市,淡水/三芝區,121.380312,24.9779694
笛吹山,臺中市,和平區,120.9267011,24.2272362
鳳紗山,宜蘭縣,大同鄉,121.6974664,24.5787682
寺蕃山,宜蘭縣,大同鄉,121.7397809,24.5426534
太和山,新北市,瑞芳/貢寮區,121.8255503,24.9051011
對萬山,花蓮縣,秀林鄉,121.0874991,23.9825834
枕頭山,宜蘭縣,大同鄉,121.7204948,24.7697892
鋸山東峰,南投縣,仁愛鄉,121.3703441,24.2067001
鋸山,南投縣,仁愛鄉,121.3550245,24.2111164
坔埔山,屏東縣,霧台鄉,120.3865065,22.669881
煙墩山,高雄市,桃源區,119.3248925,23.4051336
西原荖腦山,花蓮縣,秀林鄉,121.441438,23.8529243
北月眉山北峰,花蓮縣,秀林鄉,121.5785745,23.8737672
筆架山北峰,新北市,瑞芳/貢寮區,121.6304983,24.9750786
和留山,臺東縣,海端鄉,121.302538,23.4338763
中寮山,高雄市,桃源區,120.432777,22.8302177
小雪山,臺中市,和平區,121.039445,24.2961826
黑山,苗栗縣,泰安鄉,120.80284,24.1694581
我丹山東峰,臺東縣,海端鄉,120.76071,23.1929949
都歷山,臺東縣,海端鄉,121.302848,23.0140621
糖塔山,桃園市,復興區,121.0802559,24.7778601
小東河山,桃園市,復興區,120.996093,24.5592321
未命名山峰,臺東縣,海端鄉,121.1347999,23.2111513
東舞樂山東北峰,臺東縣,海端鄉,121.1339957,23.2285241
未命名山峰,桃園市,復興區,121.0019824,24.5329466
足鉾安,花蓮縣,秀林鄉,120.9178659,23.774319
南雙龍,花蓮縣,秀林鄉,120.9335779,23.7709245
吧哩國山,新北市,淡水/三芝區,121.0490698,24.8201655
新社山,花蓮縣,秀林鄉,121.5376139,23.6669451
大坪山,桃園市,復興區,121.0068333,24.5271031
百八嶺,高雄市,桃源區,120.6501201,23.4993077
紅柴嶺,高雄市,桃源區,120.6466681,23.4955848
青園山北峰,嘉義縣,阿里山鄉,120.6475958,23.5199459
雙龍,花蓮縣,秀林鄉,120.942743,23.7868671
義確下山,桃園市,復興區,121.1437484,24.7348935
梅峰,高雄市,桃源區,120.5673979,23.1828704
直潭山東北峰,新北市,瑞芳/貢寮區,121.5731339,24.9240989
鞍馬山東北峰,臺中市,和平區,121.02287,24.2736751
五分山西峰,新北市,瑞芳/貢寮區,121.775599,25.0699633
竹腳胡山西北峰,高雄市,桃源區,120.3956504,22.9437135
鶯歌石山,新北市,淡水/三芝區,121.35892,24.9600001
大牛山,新北市,瑞芳/貢寮區,121.4099266,25.005066
潭內,嘉義縣,阿里山鄉,120.2849269,23.6422221
後湖,嘉義縣,阿里山鄉,120.3269087,23.6816253
永興,臺中市,和平區,120.932802,24.0043141
九九峰(最高峰),苗栗縣,泰安鄉,120.7802203,24.0196978
富士坪山,新北市,瑞芳/貢寮區,121.606864,25.1601081
觀音山,嘉義縣,阿里山鄉,119.5986789,23.512923
大貢占山,高雄市,桃源區,120.6229461,22.9778401
公司寮山,桃園市,復興區,120.7644505,24.601265
三補公山,苗栗縣,泰安鄉,120.5661201,24.1317531
山熊嶺,高雄市,桃源區,120.5586096,22.9414336
牛舌仔,高雄市,桃源區,120.5664924,23.2461401
頂坪林山,高雄市,桃源區,120.6410533,23.2471739
凍子頂山,高雄市,桃源區,120.5470029,23.3422289
柑坪山,新北市,淡水/三芝區,121.274823,24.8066261
光明嶺,苗栗縣,泰安鄉,120.8262951,24.1431041
中阿冷山,臺中市,和平區,120.949572,24.1277951
牛稠埔,高雄市,桃源區,120.4819699,23.4065868
460峰,新北市,淡水/三芝區,121.2726883,24.8000874
530峰,新北市,烏來區,121.2698118,24.7976921
牛山,高雄市,桃源區,120.6670969,23.4813621
金敏子山,新北市,淡水/三芝區,121.379793,24.8593306
塞口坑山,新北市,淡水/三芝區,121.3890129,24.8569061
南和山,屏東縣,霧台鄉,120.6405081,22.4402681
未命名山峰,新北市,淡水/三芝區,121.293299,24.8081731
中坑西山,新北市,瑞芳/貢寮區,121.7829628,24.996333
頂河表湖山,高雄市,桃源區,120.6535148,23.281681
山美西山,高雄市,桃源區,120.6544979,23.3826709
比來山,桃園市,復興區,121.139101,24.6658981
小屋山,臺東縣,海端鄉,120.9667589,22.804543
茶青角山,高雄市,桃源區,120.5692471,22.940956
喀西帕南山南峰,臺東縣,海端鄉,121.1907536,23.4532861
喀西帕南山北峰,臺東縣,海端鄉,121.1951881,23.468869
雲峰東北峰,臺東縣,海端鄉,120.988065,23.3707191
小關山北峰,臺東縣,海端鄉,120.8954258,23.161629
鷹仔嘴山,臺東縣,海端鄉,120.9377398,23.2450328
無雙山最高峰,花蓮縣,秀林鄉,121.0593273,23.5914881
無明山西峰,南投縣,仁愛鄉,121.3719871,24.2542944
紅崖山,花蓮縣,秀林鄉,121.1420344,23.6169577
紅崖山北峰,花蓮縣,秀林鄉,121.1416975,23.6249542
馬利亞文路山北峰,花蓮縣,秀林鄉,121.0944115,23.5188879
黃當擴山,花蓮縣,秀林鄉,121.0682788,23.5469245
頭鷹山北峰,臺中市,和平區,121.1345422,24.3743435
北畢祿山,南投縣,仁愛鄉,121.3423128,24.223988
無明山東峰,南投縣,仁愛鄉,121.3934537,24.2552525
馬西山北峰,臺東縣,海端鄉,121.1733298,23.4986603
卑南主山南峰,臺東縣,海端鄉,120.8798116,23.0350731
卑南主山西峰,臺東縣,海端鄉,120.8604392,23.0486514
黃當擴山中峰,花蓮縣,秀林鄉,121.0753993,23.534089
白姑大山西南峰,臺中市,和平區,121.0910921,24.1848464
甘薯南峰,南投縣,仁愛鄉,121.3799904,24.2800316
太魯閣大山西峰,南投縣,仁愛鄉,121.4115001,24.0770195
馬利加南山北峰,花蓮縣,秀林鄉,121.1210799,23.5365041
駒盆山中峰,花蓮縣,秀林鄉,121.0407089,23.542556
志摩山西峰,臺中市,和平區,121.0725069,24.3229191
知馬漢山北峰,臺中市,和平區,121.086079,24.3173951
轆轆山南峰,臺東縣,海端鄉,121.0030238,23.3830915
可汗山主峰,臺中市,和平區,121.0932617,24.3193251
本鄉山西峰,花蓮縣,秀林鄉,121.0648176,23.612919
郡北山,花蓮縣,秀林鄉,121.1065725,23.6434558
達芬尖山北峰,臺東縣,海端鄉,121.0105638,23.4461685
畢祿山南峰,南投縣,仁愛鄉,121.3488242,24.2027194
白姑大山東峰,臺中市,和平區,121.1473333,24.2127224
白姑東南峰,臺中市,和平區,121.1429444,24.2061665
塔芬山南峰,臺東縣,海端鄉,121.0181753,23.4001285
清水山南峰,花蓮縣,秀林鄉,120.9672221,23.6394719
躑躅山,臺東縣,海端鄉,121.0094226,23.4717782
御油山主峰,臺東縣,海端鄉,120.7090057,22.9909344
小禿山北峰,臺東縣,海端鄉,120.9622043,22.9712882
美奈田主山北峰,臺東縣,海端鄉,120.9958279,22.9855538
姑婆寮尖,新北市,瑞芳/貢寮區,121.6974291,24.8586841
碇內尖山,新北市,瑞芳/貢寮區,121.7594691,25.0867242
龜頭山,新北市,瑞芳/貢寮區,121.6973557,25.2137397
獅頭山,新北市,瑞芳/貢寮區,121.6468904,25.2253047
火炎山主峰,新北市,瑞芳/貢寮區,121.6659161,24.9178771
枋山坑山,新北市,瑞芳/貢寮區,121.7754781,24.9867471
四堵山東峰,新北市,瑞芳/貢寮區,121.7705125,24.8876316
灰窯山,新北市,瑞芳/貢寮區,121.7689411,25.027481
美艷山,新北市,瑞芳/貢寮區,121.9189675,25.0681784
大單面山,新北市,瑞芳/貢寮區,121.6878517,25.200583
三貂嶺山,新北市,瑞芳/貢寮區,121.8408599,25.0805811
南雅山西峰,新北市,瑞芳/貢寮區,121.8975009,25.1138276
大丘田山,新北市,瑞芳/貢寮區,121.49243,24.9173261
鷺鷥潭山,新北市,瑞芳/貢寮區,121.6120611,24.9334141
麒麟山,新北市,瑞芳/貢寮區,121.4566565,24.9161032
中坑山,新北市,淡水/三芝區,121.381804,24.9791941
581峰,新北市,瑞芳/貢寮區,121.7031706,25.0318956
車閂寮九股山,新北市,瑞芳/貢寮區,121.6208551,24.9306661
鳥嘴尖,新北市,瑞芳/貢寮區,121.4487658,24.9099271
石牌嶺庄,新北市,淡水/三芝區,121.0651478,24.9926925
小中坑山,苗栗縣,泰安鄉,120.787351,24.1357501
田寮山,桃園市,復興區,121.119447,24.6912831
洗水山北峰,臺中市,和平區,120.956206,24.4476351
東牛稠尾山,新北市,瑞芳/貢寮區,121.6130988,25.0942466
白匏湖山,新北市,瑞芳/貢寮區,121.6501711,25.0491301
南比林山,桃園市,復興區,121.0781112,24.5286918
碧湖山,新北市,瑞芳/貢寮區,121.587224,25.0850222
旗後山,屏東縣,霧台鄉,120.2647086,22.6151814
未命名山峰,花蓮縣,秀林鄉,121.5305519,23.830301
老窩山,新北市,淡水/三芝區,121.122177,24.8802511
神木尖,新北市,淡水/三芝區,121.3555218,24.8712647
港口山,新北市,瑞芳/貢寮區,121.688709,25.0989331
東巷山,宜蘭縣,大同鄉,121.5552686,24.6218948
牛衝鬪山,宜蘭縣,大同鄉,121.564066,24.6370961
大山坑山西北峰,高雄市,桃源區,120.3806078,23.2213442
大山坑山,高雄市,桃源區,120.3825473,23.2192199
長嶺路山,宜蘭縣,大同鄉,121.6189201,24.6846811
天冷山,苗栗縣,泰安鄉,120.8571244,24.1702126
西帽山,宜蘭縣,大同鄉,121.8145191,24.5511612
榛山北峰,臺中市,和平區,121.112272,24.4822731
鴛鴦嶺,高雄市,桃源區,120.4150088,22.8877763
石牛山,新北市,淡水/三芝區,121.353653,24.910272
大高坑山,新北市,淡水/三芝區,121.3891104,24.9855096
橫坑子山,新北市,淡水/三芝區,121.3992559,24.9888715
酒保坪山,苗栗縣,泰安鄉,120.8980769,24.2073043
未命名山峰,新北市,瑞芳/貢寮區,121.4177101,24.9096106
康誥坑山,新北市,瑞芳/貢寮區,121.6575859,25.0584221
保長坑山,新北市,瑞芳/貢寮區,121.68558,25.0738453
赤皮湖,新北市,瑞芳/貢寮區,121.6539977,25.1363727
頂草湳,花蓮縣,秀林鄉,120.9138219,23.9383141
波露南山,宜蘭縣,大同鄉,121.538022,24.7683772
青番頭坑山,花蓮縣,秀林鄉,120.8799398,23.9857919
海風山,苗栗縣,泰安鄉,120.6065985,24.2984952
外獅頭山,屏東縣,霧台鄉,120.6716001,22.2807121
六畜山,新北市,烏來區,121.2441212,24.7469986
麥樹仁山南峰,桃園市,復興區,121.1980363,24.71516
巴卡山,新北市,烏來區,121.2335552,24.7426742
舊砲台山,新北市,烏來區,121.2039009,24.7253747
滴水山北峰,新北市,瑞芳/貢寮區,121.7678679,25.0977551
𫙮魚坑山,新北市,瑞芳/貢寮區,121.7917011,25.1072891
大牛埔山,新北市,瑞芳/貢寮區,121.870021,25.0805791
大粗坑山,新北市,瑞芳/貢寮區,121.578157,24.8969901
巴庫拉斯山,花蓮縣,秀林鄉,121.0016788,23.7980496
姑姑山東北峰,花蓮縣,秀林鄉,120.9832704,23.8152074
西北角,屏東縣,霧台鄉,120.2658594,22.6693846
上種瓜坑山,花蓮縣,秀林鄉,120.8849209,23.960608
蓮華池山,花蓮縣,秀林鄉,120.8787836,23.92767
北治茆山,花蓮縣,秀林鄉,120.9807672,23.7719699
仙女山,屏東縣,霧台鄉,120.2670085,22.6399122
太極頂,屏東縣,霧台鄉,120.2704704,22.6530964
百獸岩基石,屏東縣,霧台鄉,120.2631323,22.646925
西德山北峰,宜蘭縣,大同鄉,121.7511069,24.5625881
大自然主控制點,屏東縣,霧台鄉,120.2503901,22.65132
猴頭礁,屏東縣,霧台鄉,120.2502388,22.650772
哨船頭山,屏東縣,霧台鄉,120.2677612,22.6225602
哨船頭山(最高處),屏東縣,霧台鄉,120.268171,22.6256581
阿寸坑山,苗栗縣,泰安鄉,120.8949793,24.1553055
黑田山南峰,苗栗縣,泰安鄉,120.8939053,24.1256955
志良節山,南投縣,仁愛鄉,121.308037,24.3377241
平岩山,南投縣,仁愛鄉,121.3044246,24.3226032
荷戈富士山,臺中市,和平區,121.153145,24.025003
高士佛山東峰,屏東縣,霧台鄉,120.8197155,22.1311728
駱駝山北峰,屏東縣,霧台鄉,120.3819246,22.7323689
雄山,屏東縣,霧台鄉,120.3827616,22.7312055
山熊嶺,屏東縣,霧台鄉,120.38589,22.7317582
猴仔山東峰,屏東縣,霧台鄉,120.3810322,22.7347222
猴仔山,屏東縣,霧台鄉,120.3802448,22.7349523
高速尾山,屏東縣,霧台鄉,120.3733385,22.724396
長野山,屏東縣,霧台鄉,120.3754389,22.7199305
高崎山,屏東縣,霧台鄉,120.3747397,22.7185407
歡喜嶺,屏東縣,霧台鄉,120.3785218,22.7196931
溪州大山 (富州大山),嘉義縣,阿里山鄉,120.7560001,23.8055004
黑田山東南峰,苗栗縣,泰安鄉,120.89936,24.1345681
枋野具山,屏東縣,霧台鄉,120.7017191,22.2770759
牡丹富士山,屏東縣,霧台鄉,120.840863,22.2276696
埔頂,屏東縣,霧台鄉,120.8487831,21.926246
牡丹鼻山,屏東縣,霧台鄉,120.8896389,22.2053346
南松子腳山,嘉義縣,阿里山鄉,120.4794069,23.5336131
籐寮坑山,新北市,瑞芳/貢寮區,121.7429581,24.9208401
塗潭崙,新北市,瑞芳/貢寮區,121.64671,24.9289401
蓬萊仙島山南峰,新北市,淡水/三芝區,121.247622,24.8021981
金字面山,高雄市,桃源區,120.5098997,22.9053634
庫魯山,新北市,烏來區,121.433786,24.6585221
多聞山,新北市,烏來區,121.485873,24.573714
烏帽子山,新北市,烏來區,121.48,24.5667471
多望山北峰,新北市,烏來區,121.484243,24.559886
未命名山峰,新北市,烏來區,121.487671,24.5472101
青埔庄,新北市,淡水/三芝區,121.1389916,24.9642001
高種山,新北市,淡水/三芝區,121.212332,24.8121091
鋸山五峰,南投縣,仁愛鄉,121.3571583,24.2114757
鋸山六峰,南投縣,仁愛鄉,121.3603276,24.2105891
鋸山三峰,南投縣,仁愛鄉,121.3536089,24.2106131
鋸山二峰,南投縣,仁愛鄉,121.351693,24.2106989
鋸山一峰,南投縣,仁愛鄉,121.3505558,24.2105008
鋸山前峰,南投縣,仁愛鄉,121.3495195,24.2107548
靜觀山,南投縣,仁愛鄉,121.230791,24.073735
彭厝窩山,桃園市,復興區,121.1399561,24.7335291
芎蕉窩山,桃園市,復興區,121.1314959,24.7654171
大坪山,桃園市,復興區,120.963836,24.6486491
未命名山峰,桃園市,復興區,120.991055,24.588508
貓空圓山西峰,新北市,瑞芳/貢寮區,121.5992319,24.9689201
天送埤山,宜蘭縣,大同鄉,121.6183221,24.6589081
八角子寮山,宜蘭縣,大同鄉,121.695866,24.6632271
人仙居南(崖端),屏東縣,霧台鄉,120.2588181,22.655977
金鳥樂園後山,新北市,烏來區,121.2708438,24.774877
合流山,新北市,淡水/三芝區,121.3683058,24.8043724
南埔,嘉義縣,阿里山鄉,120.7319478,23.9877104
長興,新北市,淡水/三芝區,121.3127711,24.8020533
汀掛山,屏東縣,霧台鄉,120.901886,22.373559
大鳥萬,屏東縣,霧台鄉,120.8876171,22.3731231
埔里雅社,屏東縣,霧台鄉,120.8541324,22.418807
姑子崙山東北峰,屏東縣,霧台鄉,120.8158051,22.4414557
妹原山,花蓮縣,秀林鄉,121.057106,23.9468261
橫屏山西峰,花蓮縣,秀林鄉,121.01475,23.945055
龜山頭,新北市,淡水/三芝區,121.148809,24.9047051
茅埔圍山,宜蘭縣,大同鄉,121.7366361,24.648314
狗寮山,高雄市,桃源區,120.6261341,22.9597791
南狗寮山,高雄市,桃源區,120.6220139,22.9375396
北狗寮山,高雄市,桃源區,120.6278604,22.968572
南武界越山,花蓮縣,秀林鄉,121.049076,23.9490461
板仔寮山,花蓮縣,秀林鄉,121.0298139,23.978295
武界越山主峰,花蓮縣,秀林鄉,121.0483181,23.9554303
瑞岩南山,臺中市,和平區,121.1498931,24.1136561
大武藏山,屏東縣,霧台鄉,120.7041421,22.5024719
虎頭山南峰,新北市,淡水/三芝區,121.3295113,24.9999418
虎頭山南南峰,新北市,淡水/三芝區,121.329074,24.9984689
水汴頭山,新北市,淡水/三芝區,121.324559,25.0262691
龍眼園窩山,桃園市,復興區,121.134725,24.732657
茄苳窩山,桃園市,復興區,121.132602,24.751968
龜殼山,桃園市,復興區,121.1215981,24.7488227
比麟山,新北市,烏來區,121.2410851,24.7015231
墨硯山北峰,桃園市,復興區,120.845655,24.5577411
種瓜坑山,花蓮縣,秀林鄉,120.887639,23.9777091
南八五山,新北市,烏來區,121.2767883,24.7049197
車閂寮九股山西北峰,新北市,瑞芳/貢寮區,121.6174721,24.9330181
尖石山東峰,新北市,烏來區,121.2287496,24.7076896
馬武督山西南峰,新北市,烏來區,121.2603171,24.7527514
待矢負山西峰,新北市,烏來區,121.3678892,24.7613047
慈濟山,苗栗縣,泰安鄉,120.7529927,24.4095246
東坑下山,苗栗縣,泰安鄉,120.873256,24.4718211
東坑山,苗栗縣,泰安鄉,120.877489,24.4764021
南勢山北峰,臺中市,和平區,120.9236071,24.4153361
林內山,嘉義縣,阿里山鄉,120.6403939,23.7701441
釋迦山,桃園市,復興區,120.8704911,24.5225791
未命名山峰,苗栗縣,泰安鄉,120.882182,24.453744
石硿子山西北,新北市,瑞芳/貢寮區,121.639783,24.9007421
冷水坑山,新北市,瑞芳/貢寮區,121.6445011,24.9096971
冷水坑山西北峰,新北市,瑞芳/貢寮區,121.6428171,24.9129201
細道邦山南峰,臺中市,和平區,120.907517,24.3823421
細道邦山(經建版地圖),臺中市,和平區,120.932158,24.374798
遠藤山東峰,臺中市,和平區,120.9707162,24.3020851
松永山,臺中市,和平區,120.9196831,24.3652901
士林山北峰,臺中市,和平區,120.9362207,24.3523114
象鼻山,臺中市,和平區,120.9410762,24.3608977
摩里克安山,臺中市,和平區,121.1930111,24.1907221
上樟樹林山,新北市,淡水/三芝區,121.0872319,24.84026
內大坪山,桃園市,復興區,121.049093,24.6407311
半屏山北峰,屏東縣,霧台鄉,120.318205,22.7043441
半屏山最高處(現存),屏東縣,霧台鄉,120.3141556,22.7012919
南半屏山,屏東縣,霧台鄉,120.3052524,22.6928796
王公坑山,新北市,淡水/三芝區,121.3316833,25.0099411
大安山,臺中市,和平區,120.9750381,24.3769021
糞箕湖山,新北市,淡水/三芝區,121.0727651,24.8736932
沙蓮山西南峰,臺中市,和平區,120.9141131,24.1928922
楓樹林山,花蓮縣,秀林鄉,121.0807991,23.9956823
豐林口山,花蓮縣,秀林鄉,121.0622218,23.9993811
內楓仔林山,臺中市,和平區,121.0560592,24.0021455
二龍山,花蓮縣,秀林鄉,120.9210255,23.8419441
內湖山,花蓮縣,秀林鄉,120.9276378,23.8713601
雨社山北峰,花蓮縣,秀林鄉,120.8913949,23.8039061
四季薰山西南峰,南投縣,仁愛鄉,121.4405508,24.4866351
西關刀山東南峰,花蓮縣,秀林鄉,121.0075549,23.9913219
西關刀山東南南峰,花蓮縣,秀林鄉,121.0082146,23.9901077
獅子頭山,花蓮縣,秀林鄉,121.0340633,23.9988881
蜈蚣崙山,花蓮縣,秀林鄉,120.9982533,23.977491
我音山北北峰,臺中市,和平區,120.988711,24.0701151
松樹山,臺中市,和平區,120.9634912,24.0735572
松樹山南峰,臺中市,和平區,120.9627934,24.0703559
竹子崙南山,屏東縣,霧台鄉,120.6411135,22.7189268
未命名山峰,臺東縣,海端鄉,120.7032393,22.8131631
竹子崙北山,屏東縣,霧台鄉,120.6400181,22.724059
華新尖西南峰,新北市,瑞芳/貢寮區,121.669682,25.0993421
竹子坑山,嘉義縣,阿里山鄉,120.7427731,23.903532
下仙洞坪山,嘉義縣,阿里山鄉,120.7910318,23.901105
大龜坑山,嘉義縣,阿里山鄉,120.7667749,23.917738
福大山,新北市,烏來區,121.234427,24.7956095
蓬萊仙島山東北峰,新北市,淡水/三芝區,121.251033,24.8072941
水井,新北市,淡水/三芝區,121.2695237,24.8173896
濁水坑山,苗栗縣,泰安鄉,120.7960012,24.0870526
鋤頭盤山,苗栗縣,泰安鄉,120.8122564,24.0673123
埔鹽藍山,苗栗縣,泰安鄉,120.791515,24.1115358
中和山,苗栗縣,泰安鄉,120.842439,24.1565821
田美山,新北市,烏來區,121.3250856,24.7971867
下橫坑山,苗栗縣,泰安鄉,120.7755944,24.1759026
砂連山,臺中市,和平區,120.917139,24.1954241
鹽菜甕,苗栗縣,泰安鄉,120.8386824,24.046708
鹽菜甕山,苗栗縣,泰安鄉,120.839578,24.0448988
坑口山,苗栗縣,泰安鄉,120.6976424,24.0474281
暗坑山,苗栗縣,泰安鄉,120.7195402,24.0456373
青桐林山,苗栗縣,泰安鄉,120.7505198,24.0425663
北打鐵坑山,苗栗縣,泰安鄉,120.8905242,24.1892139
土地公崁山,苗栗縣,泰安鄉,120.771929,24.1087991
大橫屏山南南峰,苗栗縣,泰安鄉,120.8268984,24.051672
公司頂,花蓮縣,秀林鄉,120.8381998,23.9854028
公館山,苗栗縣,泰安鄉,120.8816659,24.0634726
新伯公山,苗栗縣,泰安鄉,120.843358,24.2341991
楓樹棟山,苗栗縣,泰安鄉,120.8817461,24.2476858
巴矢山,屏東縣,霧台鄉,120.8621169,22.3213705
劍南尖山,南投縣,仁愛鄉,121.209101,24.3280977
中霸坪,南投縣,仁愛鄉,121.258017,24.4630764
烏可冬克山,花蓮縣,秀林鄉,121.146382,23.534061
東霸尖山,南投縣,仁愛鄉,121.2720841,24.4576902
弓水山,臺中市,和平區,121.1569663,24.3598071
溪頭山,臺東縣,海端鄉,120.9684042,23.2777641
菅蓁巷,花蓮縣,秀林鄉,120.8590037,23.9810644
二崁山,花蓮縣,秀林鄉,120.8149796,23.9485822
下種瓜,花蓮縣,秀林鄉,120.8776492,23.9769003
茅埔山,花蓮縣,秀林鄉,120.8952048,23.9854662
庄子底山,花蓮縣,秀林鄉,120.9198308,23.975569
坪頭山,花蓮縣,秀林鄉,120.9093856,23.9828389
炭坑子山,苗栗縣,泰安鄉,120.8756246,24.0299262
尾文坑山,苗栗縣,泰安鄉,120.8930595,24.2817155
三叉坑山,臺中市,和平區,120.9027429,24.2705238
大湖桶山,臺中市,和平區,120.9072031,24.2640968
觀音山東北峰,臺中市,和平區,120.93313,24.2819841
神谷山,臺中市,和平區,120.9416323,24.3038247
雞隆山,苗栗縣,泰安鄉,120.839505,24.4263511
北坑山,桃園市,復興區,120.8769951,24.5976261
龍船子山,苗栗縣,泰安鄉,120.844238,24.4444181
未命名山峰,苗栗縣,泰安鄉,120.70923,24.4756751
三秀山,新北市,瑞芳/貢寮區,121.6414794,25.0950858
九華山主峰,花蓮縣,秀林鄉,121.1485589,23.6347177
高義蘭山,新北市,烏來區,121.3326389,24.7046876
燈心堀山,苗栗縣,泰安鄉,120.8561402,24.1049918
水涵坑山,苗栗縣,泰安鄉,120.8209885,24.1584182
湖興山,苗栗縣,泰安鄉,120.8256201,24.1752461
龍眼林,嘉義縣,阿里山鄉,120.7750788,23.9559685
竹嵩山,新北市,瑞芳/貢寮區,121.580121,25.0883371
制波坑山,苗栗縣,泰安鄉,120.8100596,24.0934258
小溪頭山,苗栗縣,泰安鄉,120.83189,24.124681
大傢伙,苗栗縣,泰安鄉,120.7804802,24.080411
丁字山,臺中市,和平區,121.026334,24.037948
中央東眼山,臺中市,和平區,121.1184684,24.0620145
南東眼山東北峰,臺中市,和平區,121.104291,24.0501391
交力坪山,嘉義縣,阿里山鄉,120.6341517,23.5309877
烏土窟山北峰,花蓮縣,秀林鄉,120.8485829,23.8701721
土城,嘉義縣,阿里山鄉,120.7472984,23.9867232
水里山,花蓮縣,秀林鄉,120.8516409,23.8244573
車埕山,花蓮縣,秀林鄉,120.8613577,23.8347954
車心崙東北,花蓮縣,秀林鄉,120.8674201,23.8224037
車心崙山,花蓮縣,秀林鄉,120.8648643,23.8212866
希望之丘,高雄市,桃源區,120.2340515,23.0603132
溜籠頭,花蓮縣,秀林鄉,120.8661859,23.8816041
下埔,新北市,淡水/三芝區,121.0504054,25.0025069
蓮生坑山,花蓮縣,秀林鄉,120.8635829,23.9321285
霧里乙山,屏東縣,霧台鄉,120.6948751,22.3127314
西霧里乙山,屏東縣,霧台鄉,120.6806178,22.3139113
一尖山,高雄市,桃源區,120.4967355,23.2501056
三尖山,高雄市,桃源區,120.4941548,23.2439294
馬山嶺,高雄市,桃源區,120.4978378,23.2546836
外文秀坑山,新北市,瑞芳/貢寮區,121.9113511,25.0473641
魚衡山南南峰,新北市,瑞芳/貢寮區,121.5990105,24.991601
下太平山,苗栗縣,泰安鄉,120.785367,24.333909
雞冠山,苗栗縣,泰安鄉,120.8404785,24.3895571
樹杞林山,桃園市,復興區,121.0746179,24.7316681
小獅嶺,高雄市,桃源區,120.5218189,23.2766952
大獅嶺,高雄市,桃源區,120.5226703,23.2828964
山河嶺,高雄市,桃源區,120.5201529,23.2718677
源茂山西峰,新北市,瑞芳/貢寮區,121.727461,24.9188951
二嵙山,苗栗縣,泰安鄉,120.8002276,24.1886419
旗山東峰,宜蘭縣,大同鄉,121.50107,24.6170291
興華坑山,新北市,瑞芳/貢寮區,121.47632,25.1741651
飯包尖山,高雄市,桃源區,120.5724093,23.1902654
倒照湖山西峰,新北市,瑞芳/貢寮區,121.590908,25.0141312
未命名山峰,新北市,瑞芳/貢寮區,121.5953788,25.0156388
頂埔,屏東縣,霧台鄉,120.8402771,21.9186731
獅尾嶺,高雄市,桃源區,120.5120019,23.2671968
茄苓九湖山,高雄市,桃源區,120.5088043,23.2673331
內南世山,屏東縣,霧台鄉,120.6630879,22.3165974
虎背山前峰(熊腰山),宜蘭縣,大同鄉,121.6863524,24.7996793
虻彈山,屏東縣,霧台鄉,120.652018,22.5823461
梅花山北峰,新北市,瑞芳/貢寮區,121.599914,25.1307322
獅額山,高雄市,桃源區,120.5164636,23.2584046
劍文山,高雄市,桃源區,120.5104866,23.251248
坪頂山,高雄市,桃源區,120.5135848,23.2544948
文榮山,高雄市,桃源區,120.520533,23.2562625
公羅坪北峰,苗栗縣,泰安鄉,120.7669828,24.25361
公羅坪山,苗栗縣,泰安鄉,120.767058,24.2522351
未命名山峰,高雄市,桃源區,120.6339584,22.8021932
平石山西北峰,臺中市,和平區,121.0337881,24.2661721
盤山坑山,新北市,瑞芳/貢寮區,121.788736,25.0041872
上坪山,桃園市,復興區,120.857883,24.5474961
真笠山東南峰,屏東縣,霧台鄉,120.6779607,22.6650099
龍文山,屏東縣,霧台鄉,120.4483211,22.7806979
月眉山,嘉義縣,阿里山鄉,120.6816375,23.5564383
未命名山峰,屏東縣,霧台鄉,120.8723947,22.4407462
開元後山,嘉義縣,阿里山鄉,120.5299429,23.5886841
明知山,屏東縣,霧台鄉,120.3839087,22.7327797
東三針後山,宜蘭縣,大同鄉,121.647887,24.7357974
埋伏坪山,臺中市,和平區,120.9138298,24.2867283
阿波蘭山,臺東縣,海端鄉,121.1562466,23.4344517
嶺頭山東峰,花蓮縣,秀林鄉,120.8039343,23.6491511
臭頭山,臺中市,和平區,120.910372,24.1531671
暗影山東北峰,苗栗縣,泰安鄉,120.8237291,24.1420651
新庄山,桃園市,復興區,120.94908,24.5918101
圓墩仔山,高雄市,桃源區,120.5235478,23.3055208
文玉山,高雄市,桃源區,120.524714,23.3001188
茶園山,高雄市,桃源區,120.525872,23.2923018
墘溪,花蓮縣,秀林鄉,121.011694,23.9621595
白毛山東北峰,臺中市,和平區,120.936222,24.1664363
石觀音山,桃園市,復興區,120.8886325,24.5443227
維祥山,桃園市,復興區,120.8448569,24.535243
頂茄苳崙,高雄市,桃源區,120.435764,22.9267981
未命名山峰,桃園市,復興區,120.7593041,24.5397431
槺榔埔山,桃園市,復興區,120.759941,24.537035
下大窩山,桃園市,復興區,120.939395,24.562213
涼山,桃園市,復興區,121.0876798,24.6065461
八卦山,高雄市,桃源區,119.6672326,23.2572572
虎頭山,高雄市,桃源區,119.6661293,23.2511906
八卦山,高雄市,桃源區,119.5188711,23.2635901
天台山,高雄市,桃源區,119.4940932,23.3807106
盤嶺右,屏東縣,霧台鄉,120.2625606,22.6515293
中湖山,桃園市,復興區,121.08026,24.6873545
龜山,嘉義縣,阿里山鄉,120.5987809,23.5569872
盤嶺左,屏東縣,霧台鄉,120.2624344,22.651461
未命名山峰,高雄市,桃源區,120.6421727,23.0505624
川文山,高雄市,桃源區,120.3229537,23.1772834
釜碗山西峰,臺中市,和平區,121.146068,24.34213
未命名山峰,屏東縣,霧台鄉,120.8863838,22.4401574
麻竹坑山,苗栗縣,泰安鄉,120.872899,24.2223521
西達來山,屏東縣,霧台鄉,120.664321,22.7119161
東暗影山,苗栗縣,泰安鄉,120.8336589,24.1413143
東嶼坪原點點位,高雄市,桃源區,119.5201992,23.2626634
虎頭山,高雄市,桃源區,119.5147595,23.2579587
八卦山西峰,高雄市,桃源區,119.5166855,23.2631612
虎頭坡山,新北市,瑞芳/貢寮區,121.7461526,24.8141214
內暗坑山,苗栗縣,泰安鄉,120.7714644,24.1148206
車閂寮九股山前峰,新北市,瑞芳/貢寮區,121.6153561,24.9328751
具馬奴山北峰,屏東縣,霧台鄉,120.7152642,22.4235865
老力里山前峰,屏東縣,霧台鄉,120.6849988,22.4046683
西伊屯山,屏東縣,霧台鄉,120.7708071,22.211539
外獅頭山南峰,屏東縣,霧台鄉,120.67539,22.2649051
小斯拉巴庫山,臺東縣,海端鄉,120.7732447,23.1396608
苦嶺腳,苗栗縣,泰安鄉,120.7711718,24.0780333
開眼崙,新北市,瑞芳/貢寮區,121.7385356,24.9435145
戒茂斯山前峰,臺東縣,海端鄉,121.009107,23.2297921
賽珂山,臺東縣,海端鄉,121.0441045,23.3576857
闊闊斯山,臺東縣,海端鄉,121.058528,23.3630191
華巴諾山,臺東縣,海端鄉,121.1033999,23.3573766
打鐵坑山,臺中市,和平區,120.9021101,24.1802141
紅南坑山,嘉義縣,阿里山鄉,120.6025579,23.5494491
紅銀土坑山,嘉義縣,阿里山鄉,120.7360414,23.9133566
玉打山西南峰,高雄市,桃源區,120.6927479,23.2740428
圳頭山,新北市,淡水/三芝區,121.3674098,24.9774963
關刀山東峰,臺中市,和平區,121.0332699,24.0331303
八分寮山,桃園市,復興區,120.9989861,24.7190581
未命名山峰,苗栗縣,泰安鄉,120.8257239,24.1494621
永居湖,苗栗縣,泰安鄉,120.8184116,24.2412804
中和村,苗栗縣,泰安鄉,120.8352571,24.147291
石牛山,屏東縣,霧台鄉,120.3842767,22.6746912
未命名山峰,花蓮縣,秀林鄉,120.8108773,23.9715698
桑留守山東北峰,屏東縣,霧台鄉,120.6902641,22.607778
日湯真山南峰,屏東縣,霧台鄉,120.7036433,22.6246378
基隆島山,新北市,瑞芳/貢寮區,121.7867618,25.1924803
漁翁山,嘉義縣,阿里山鄉,119.4689805,23.5625637
外垵山,嘉義縣,阿里山鄉,119.47704,23.5669318
白馬崎,嘉義縣,阿里山鄉,119.4892857,23.5674347
福光山,高雄市,桃源區,120.5684665,23.1859092
瑞岩北山,臺中市,和平區,121.15369,24.1255826
京大山西北峰,臺東縣,海端鄉,120.7154303,22.8952506
太里往山,嘉義縣,阿里山鄉,120.7426489,23.5584821
825岩峰,屏東縣,霧台鄉,120.7093698,22.2921842
九仙山,臺中市,和平區,121.0719017,24.1704266
八東山北峰,臺中市,和平區,121.0965558,24.1222439
八東山南峰,臺中市,和平區,121.0916476,24.1045453
十一分山,臺中市,和平區,120.9062011,24.4676171
三寮坑山,苗栗縣,泰安鄉,120.8986239,24.4553802
牛頭山,屏東縣,霧台鄉,121.5069009,22.6769571
雙片掀山,高雄市,桃源區,120.4898631,23.2391142
水根崙,高雄市,桃源區,120.4907053,23.2415512
明峰,高雄市,桃源區,120.5152247,23.3001912
象山,高雄市,桃源區,120.6828918,23.4138427
三疊山南峰,新北市,瑞芳/貢寮區,121.728389,25.0906891
外西勢坑山,新北市,瑞芳/貢寮區,121.7290037,25.083447
八堵山,新北市,瑞芳/貢寮區,121.7322162,25.1039911
草埔後山南峰,屏東縣,霧台鄉,120.7594387,22.235752
雙子山東南峰,南投縣,仁愛鄉,121.7092283,24.4322859
西德山,宜蘭縣,大同鄉,121.754323,24.5529721
牛心山,嘉義縣,阿里山鄉,119.5139989,23.5736992
羊山,嘉義縣,阿里山鄉,119.5034375,23.5672926
大倉嶼,嘉義縣,阿里山鄉,119.5679703,23.6214625
嵵板頭山,嘉義縣,阿里山鄉,119.6083831,23.6338187
中央嶼 (大央嶼、LP 仔),嘉義縣,阿里山鄉,119.5889908,23.5961819
高埔山,桃園市,復興區,120.761098,24.5067401
忠義山,新北市,淡水/三芝區,121.3493218,24.964413
中鋼基點,屏東縣,霧台鄉,120.2705997,22.6535053
猴岩頂,屏東縣,霧台鄉,120.2595154,22.6546654
泰國谷岩頂休息區(後),屏東縣,霧台鄉,120.2602571,22.6571502
西關刀山西峰,臺中市,和平區,120.9877329,24.0060969
獻肚山,高雄市,桃源區,120.6757914,23.1685482
獻肚尖,高雄市,桃源區,120.6744756,23.168017
烏石坑山東北峰,臺中市,和平區,120.9944785,24.2874452
白狗大山北,臺中市,和平區,121.1105349,24.2232589
龜山,南投縣,仁愛鄉,121.276488,24.3034301
茶頂山,高雄市,桃源區,120.5949379,22.9070031
九芎林山,高雄市,桃源區,120.5964854,22.9255289
塔羅留山南峰,臺東縣,海端鄉,120.7346311,23.139313
浦來溪頭社山,臺東縣,海端鄉,120.7105666,23.1034712
寶山南峰,高雄市,桃源區,120.6999611,23.0286503
犁頭尖山,花蓮縣,秀林鄉,120.9910297,23.9620593
盡尾山東北峰,臺中市,和平區,121.0135179,24.4285513
南崁山,新北市,淡水/三芝區,121.2962913,25.066775
五酒桶山,新北市,淡水/三芝區,121.3043784,25.0673945
牡丹驛山,新北市,瑞芳/貢寮區,121.85256,25.0552711
密西可灣山,花蓮縣,秀林鄉,121.0771699,23.703498
大冷坑山,苗栗縣,泰安鄉,120.8925074,24.0013128
南三角坪,苗栗縣,泰安鄉,120.8980416,24.0100082
小岸頂山,苗栗縣,泰安鄉,120.8866485,24.0347897
麻竹坑頭山,苗栗縣,泰安鄉,120.864159,24.2077642
石角山,苗栗縣,泰安鄉,120.8701258,24.2335405
虎形山,高雄市,桃源區,120.5767141,22.8601561
馬頭山,高雄市,桃源區,120.442293,22.8868777
青倉山,高雄市,桃源區,120.6228631,23.2142601
嘉南高三縣界山,高雄市,桃源區,120.6534733,23.2245516
阿四坑山,新北市,淡水/三芝區,121.3691427,24.9613676
關山北峰,臺東縣,海端鄉,120.9261127,23.2445155
大坑尾山,苗栗縣,泰安鄉,120.7503864,24.4220071
富田山,南投縣,仁愛鄉,121.5207036,24.1656314
金老二,新北市,瑞芳/貢寮區,121.8655372,25.104745
平石山前峰,臺中市,和平區,121.047322,24.2572231
達觀山,臺中市,和平區,120.9261048,24.3331881
士林霸山,臺中市,和平區,120.9379349,24.341976
百川山東峰,臺中市,和平區,121.0017727,24.3073047
雙峰山西峰,苗栗縣,泰安鄉,120.790377,24.4471947
彰埔坑山,新北市,淡水/三芝區,121.3633558,24.9669431
濁水山,宜蘭縣,大同鄉,121.5671142,24.5826731
芳山,南投縣,仁愛鄉,121.5922475,24.4863635
舊寮山西北峰,宜蘭縣,大同鄉,121.7242941,24.6069956
舊寮山北峰,宜蘭縣,大同鄉,121.7255524,24.6117849
梅花山西峰,新北市,瑞芳/貢寮區,121.5962769,25.1258021
石溪山,新北市,瑞芳/貢寮區,121.5840825,25.1554732
泰國谷岩頂休息區(前),屏東縣,霧台鄉,120.2600973,22.6569908
旗山主峰,新北市,烏來區,121.486636,24.6201822
快活嶺,屏東縣,霧台鄉,120.3830234,22.7240503
孟宗山,屏東縣,霧台鄉,120.3827206,22.7239104
龍虎山,屏東縣,霧台鄉,120.3822645,22.723272
秋木山,屏東縣,霧台鄉,120.3823919,22.7230317
慢活嶺,屏東縣,霧台鄉,120.3828787,22.7239298
有虎山,屏東縣,霧台鄉,120.3832058,22.7253512
歡樂嶺,屏東縣,霧台鄉,120.3834348,22.7252212
貓九山,新北市,瑞芳/貢寮區,121.5495593,25.091642
八達嶺,屏東縣,霧台鄉,120.3822761,22.7225145
九茶山,高雄市,桃源區,120.5998307,22.9228048
佐宇漢山,南投縣,仁愛鄉,121.513984,24.4576251
山櫻山,南投縣,仁愛鄉,121.568473,24.4356781
未命名山峰,南投縣,仁愛鄉,121.5081829,24.1184927
豬股山最高峰,南投縣,仁愛鄉,121.5219041,24.1154191
阿南坑山,新北市,淡水/三芝區,121.370222,24.9728342
桑巴拉堪山,南投縣,仁愛鄉,121.5482786,24.0924215
未命名山峰,桃園市,復興區,120.8878971,24.65211
菜瓜窩山,桃園市,復興區,120.8656425,24.6454852
細道邦山北,臺中市,和平區,120.9267998,24.3825962
鹿廚坑山,桃園市,復興區,120.889213,24.6624541
未命名山峰,桃園市,復興區,120.864793,24.6417601
西馬縫山北峰,宜蘭縣,大同鄉,121.5235162,24.5752261
山子頂,新北市,淡水/三芝區,121.340007,24.9850961
奇萊主山東峰,南投縣,仁愛鄉,121.33473,24.0838976
大水窟山北峰,臺東縣,海端鄉,121.0477995,23.4817425
太魯那斯山,臺東縣,海端鄉,121.0828806,23.4838953
合歡十字峰,南投縣,仁愛鄉,121.2523167,24.1513167
中霸尖山,南投縣,仁愛鄉,121.2549649,24.4644737
九華山西峰,花蓮縣,秀林鄉,121.1396996,23.6356018
牧山東峰,花蓮縣,秀林鄉,121.1687833,23.8605668
干卓萬山東南峰,花蓮縣,秀林鄉,121.1731149,23.8710372
干卓萬山三叉峰,花蓮縣,秀林鄉,121.1539383,23.8650995
卓社大山東峰,花蓮縣,秀林鄉,121.1464114,23.8480561
卑南主山北峰,臺東縣,海端鄉,120.869305,23.060179
馬利亞文路山北峰,花蓮縣,秀林鄉,121.0961181,23.5304189
喀西帕南山北峰,臺東縣,海端鄉,121.1973021,23.4806373
尖山,桃園市,復興區,121.0509973,24.754606
馬頭厝尖山,新北市,淡水/三芝區,121.3776699,25.0013711
東嶺頂山,新北市,淡水/三芝區,121.3726294,25.0034163
大棟尾山,新北市,淡水/三芝區,121.367401,24.9919241
鼻頭角山,新北市,瑞芳/貢寮區,121.922383,25.1269337
青春嶺,高雄市,桃源區,120.5285466,22.9121417
朝日山,南投縣,仁愛鄉,121.3304748,24.049007
雲達卡山,南投縣,仁愛鄉,121.2419531,24.4177969
牡丹山西峰,屏東縣,霧台鄉,120.7907791,22.1566521
恩主嶺,高雄市,桃源區,120.5289157,22.91173
恐龍尖山,臺東縣,海端鄉,120.9390643,23.2484156
雲峰東峰,臺東縣,海端鄉,120.986913,23.3588721
雲峰中峰,臺東縣,海端鄉,120.9828751,23.3532292
北面山,臺東縣,海端鄉,121.0302398,23.4481291
卑南主山東峰,臺東縣,海端鄉,120.8982941,23.0500119
卡羅樓山,南投縣,仁愛鄉,121.3158416,24.0782975
鬼門關峰,南投縣,仁愛鄉,121.3844732,24.2656537
巴巴山南峰,南投縣,仁愛鄉,121.4327082,24.336423
大南山北峰,臺中市,和平區,121.1738843,24.3687177
火石山西峰,臺中市,和平區,121.1664485,24.383115
博可爾山,南投縣,仁愛鄉,121.2019924,24.3974152
八通關山東峰,臺東縣,海端鄉,121.0182742,23.4922605
無雙山東峰,花蓮縣,秀林鄉,121.0606932,23.5913559
黃當擴山南風,花蓮縣,秀林鄉,121.0750078,23.5271698
五棚坑山,臺中市,和平區,120.9106743,24.0825843
巴幸山,臺中市,和平區,120.9045039,24.1767271
藍鳥山,高雄市,桃源區,120.4532454,23.1481018
十八重溪山,新北市,瑞芳/貢寮區,121.6690594,25.0127994
塗崁頂山,桃園市,復興區,120.707604,24.5389142
獅子頭山,屏東縣,霧台鄉,120.6757541,22.2313031
西大武山西北峰,屏東縣,霧台鄉,120.72117,22.6232969
香本山東南,南投縣,仁愛鄉,121.3943703,24.4787937
高厝林子頭山,嘉義縣,阿里山鄉,120.6054659,23.6415129
龜子頭山西北,嘉義縣,阿里山鄉,120.601052,23.5863504
可汗山東峰,臺中市,和平區,121.0953798,24.3222732
天宮堡壘,臺東縣,海端鄉,121.1280895,23.314721
1.082k,屏東縣,霧台鄉,120.9861628,22.6866454
望雲山,屏東縣,霧台鄉,120.3797149,22.6181071
茄苳坑山,新北市,淡水/三芝區,121.3199504,24.8662769
山麻坑山,新北市,淡水/三芝區,121.325296,24.8676401
南廍亭山,高雄市,桃源區,120.6084468,23.0361995
井步山西北峰,屏東縣,霧台鄉,120.7299257,22.7335624
西伊拉山,屏東縣,霧台鄉,120.6963867,22.7422591
青葉山,高雄市,桃源區,120.5794092,22.9664956
浸水寮山,高雄市,桃源區,120.4861054,22.9702827
北廍亭山,高雄市,桃源區,120.6181816,23.0722861
西廍亭山,高雄市,桃源區,120.6141703,23.0619997
大禮山,南投縣,仁愛鄉,121.623808,24.166865
砂卡噹山,南投縣,仁愛鄉,121.6085416,24.1640087
大東河山,桃園市,復興區,121.0454031,24.6022582
火焰山,高雄市,桃源區,120.3773289,22.9014611
旗美山,高雄市,桃源區,120.495566,22.888949
靈山基點峰,高雄市,桃源區,120.522886,22.9113781
我丹山,臺東縣,海端鄉,120.7403579,23.2018429
未命名山峰,花蓮縣,秀林鄉,121.6017713,23.9174886
鎮平山,花蓮縣,秀林鄉,121.4064034,23.6406663
上龍泉山,臺東縣,海端鄉,121.188762,23.1656537
田良井山東南峰,屏東縣,霧台鄉,120.7090101,22.7213291
樂樂山,花蓮縣,秀林鄉,121.0098606,23.870616
水塞下山,桃園市,復興區,120.914536,24.5778591
露門山西北峰,新北市,瑞芳/貢寮區,121.5655951,24.8000431
竹頭山西南峰,高雄市,桃源區,120.6040195,22.9411738
竹頭山,高雄市,桃源區,120.6163698,22.9440435
竹頭山西北峰,高雄市,桃源區,120.6092887,22.9476818
里龍山西北峰,屏東縣,霧台鄉,120.7201173,22.1828382
里龍山西南峰,屏東縣,霧台鄉,120.7135116,22.1529363
長壽嶺,新北市,瑞芳/貢寮區,121.496164,24.983483
粗坑崙山西南峰,新北市,瑞芳/貢寮區,121.6512211,24.9492881
粗坑崙山東峰,新北市,瑞芳/貢寮區,121.6573284,24.9518347
下勤和山,臺東縣,海端鄉,120.7938541,23.1674352
水碓山,新北市,瑞芳/貢寮區,121.42727,25.074354
外寮嶺山(外寮崙),新北市,瑞芳/貢寮區,121.413666,25.0801101
未命名山峰,屏東縣,霧台鄉,120.888091,22.4927268
中正山北峰,新北市,瑞芳/貢寮區,121.5171,25.1624512
未命名山峰,南投縣,仁愛鄉,121.2462109,24.244747
禁山,苗栗縣,泰安鄉,120.697534,24.4172701
竹梅園山,臺東縣,海端鄉,120.7175775,23.1190871
糖窩山,桃園市,復興區,120.7281399,24.5012282
帽子山,屏東縣,霧台鄉,120.8015211,22.204803
二櫃山,苗栗縣,泰安鄉,120.8728366,24.1366095
大茅坪山,苗栗縣,泰安鄉,120.852894,24.3210391
獨立山山,南投縣,仁愛鄉,121.5338194,24.4607664
檳榔山,屏東縣,霧台鄉,120.8377152,22.089572
東豬老束山,屏東縣,霧台鄉,120.858192,22.0110509
未命名山峰,桃園市,復興區,121.1051321,24.6439191
未命名山峰,桃園市,復興區,121.111985,24.6504241
牡丹北山,屏東縣,霧台鄉,120.8323041,22.182092
未命名山峰,屏東縣,霧台鄉,120.8622119,22.2309411
靈山東峰,高雄市,桃源區,120.524602,22.9128739
未命名山峰,高雄市,桃源區,120.5234615,22.9139348
開高山南峰,花蓮縣,秀林鄉,120.9313438,23.5702657
開高巷,花蓮縣,秀林鄉,120.9293773,23.5484834
桐子林山,花蓮縣,秀林鄉,120.8957313,23.5824139
久美山,花蓮縣,秀林鄉,120.8867469,23.6160313
橫屏山東峰,桃園市,復興區,121.043308,24.6272041
食水窩山,桃園市,復興區,121.0373481,24.6245712
打鐵坑山北峰,臺中市,和平區,120.90193,24.1839041
未命名山峰,新北市,淡水/三芝區,119.71039,25.364671
稍來坑山南峰,苗栗縣,泰安鄉,120.895028,24.195222
福興山,臺中市,和平區,120.9870601,24.0241333
羊寮山,桃園市,復興區,120.811767,24.6250799
未命名山峰,桃園市,復興區,120.809486,24.6269901
北頭汴坑山,苗栗縣,泰安鄉,120.7802875,24.1454079
金字凍山主峰,苗栗縣,泰安鄉,120.8271463,24.1033491
上茄苳,高雄市,桃源區,120.3788577,23.3945602
向天湖山東峰,桃園市,復興區,121.167511,24.6685821
竹仔崙山,新北市,瑞芳/貢寮區,121.7424829,24.8524487
小粗坑山,新北市,淡水/三芝區,121.2263094,24.8065991
猴山岳西峰,新北市,瑞芳/貢寮區,121.5961251,24.9764089
神山,屏東縣,霧台鄉,120.7246656,22.7510125
埔頂庄,新北市,淡水/三芝區,121.166892,25.0605293
婦山,新北市,烏來區,121.39893,24.7240863
古樓,屏東縣,霧台鄉,120.6303491,22.5276339
新置山西南峰,屏東縣,霧台鄉,120.6333741,22.5312711
下城,嘉義縣,阿里山鄉,120.7391217,23.953014
竹山口山,高雄市,桃源區,120.564905,22.8997151
開高山南,花蓮縣,秀林鄉,120.9340713,23.5743873
新年莊,花蓮縣,秀林鄉,120.8685196,23.8718055
見睛台山,南投縣,仁愛鄉,121.404378,24.0202168
瀧向山,南投縣,仁愛鄉,121.4312979,24.0099696
婆沙灣山,花蓮縣,秀林鄉,121.3853764,23.9982251
外庚寮,花蓮縣,秀林鄉,120.8231801,23.9946768
上坪山,苗栗縣,泰安鄉,120.8768119,24.0487895
東佳暮山,屏東縣,霧台鄉,120.735865,22.7721852
西武界,花蓮縣,秀林鄉,121.0249502,23.9214793
紅香山,臺中市,和平區,121.1807844,24.1685334
東過坑山,花蓮縣,秀林鄉,121.0034178,23.8864014
三叉峰,桃園市,復興區,121.1184095,24.7950061
297峰,桃園市,復興區,121.11988,24.7952679
283峰,桃園市,復興區,121.1218999,24.7958783
289峰,桃園市,復興區,121.1235707,24.7972848
大肚北山,桃園市,復興區,121.1425179,24.7259071
里阿岩山,臺東縣,海端鄉,120.7213355,22.8545516
未命名山峰,高雄市,桃源區,120.5164643,22.9077096
杜鵑嶺,臺中市,和平區,121.034196,24.0941544
石壁潭山,桃園市,復興區,121.1100775,24.7566744
龍門溪山,屏東縣,霧台鄉,121.5941021,22.0198161
東穗山西北峰,新北市,烏來區,121.258687,24.6677711
貓公越南峰,花蓮縣,秀林鄉,121.4779499,23.6320831
水坑磨山,桃園市,復興區,121.0965092,24.7949499
坑尾山,桃園市,復興區,121.1357796,24.7766257
水坑山,屏東縣,霧台鄉,120.7283998,22.1121226
崩棚山,嘉義縣,阿里山鄉,120.6644417,23.5181969
多加神山西北峰,南投縣,仁愛鄉,121.3964703,24.4315525
室宮木山,花蓮縣,秀林鄉,121.184587,23.903288
牛眠山,花蓮縣,秀林鄉,120.9808469,23.9941104
郡大山南峰,花蓮縣,秀林鄉,120.9632239,23.5730446
敏峰,高雄市,桃源區,120.5556114,23.1575979
竹子圾山,高雄市,桃源區,120.5574851,23.1619783
605峰,新北市,瑞芳/貢寮區,121.5445975,25.1466785
蚋仔尖,新北市,瑞芳/貢寮區,121.4540539,24.859181
新田山,桃園市,復興區,120.878858,24.5038161
銃庫山(高點峰),桃園市,復興區,120.8858372,24.5158151
八東山最高峰,臺中市,和平區,121.109057,24.1387339
千兩山西南峰,臺中市,和平區,120.938022,24.3771181
凍頂山,嘉義縣,阿里山鄉,120.7654166,23.7506083
大坪林山,苗栗縣,泰安鄉,120.881385,24.3475241
大安西,臺中市,和平區,120.9590895,24.378522
福興山,桃園市,復興區,120.911989,24.5255361
未命名山峰,桃園市,復興區,120.941577,24.5295591
流壁下山,苗栗縣,泰安鄉,120.88979,24.3265752
鬱杉山,新北市,淡水/三芝區,121.1061439,24.80475
298峰,桃園市,復興區,121.1101693,24.7928626
小大寮山,桃園市,復興區,121.1523141,24.6854821
六蛇坑山,桃園市,復興區,121.1491864,24.7381397
番子公館,苗栗縣,泰安鄉,120.8437249,24.0363171
番子公館山,苗栗縣,泰安鄉,120.8386313,24.0343503
壽山尾山,臺中市,和平區,120.9183776,24.0159363
蜈蚣堀,花蓮縣,秀林鄉,120.9480928,23.9582351
三貂大崙,新北市,瑞芳/貢寮區,121.839704,25.0772081
鹿場大山,臺中市,和平區,121.070989,24.4970811
東坑山,桃園市,復興區,121.1511299,24.7849701
王爺坑山,桃園市,復興區,121.1244497,24.7564266
大橫屏山北峰,苗栗縣,泰安鄉,120.8287569,24.0833855
岬山,花蓮縣,秀林鄉,121.1319368,23.9798017
谷關山,臺中市,和平區,121.004682,24.1995956
尾敏山,臺中市,和平區,121.0257902,24.1185712
南龜丹下山,高雄市,桃源區,120.4991932,23.1215226
美麗峰,高雄市,桃源區,120.5597081,23.1670791
國強嶺,新北市,瑞芳/貢寮區,121.503931,24.9859631
國勝嶺,新北市,瑞芳/貢寮區,121.503134,24.986913
未命名山峰,臺中市,和平區,120.900612,24.187482
稍來坑山南南峰,臺中市,和平區,120.9003367,24.1883893
稍來坑山東南峰,臺中市,和平區,120.900212,24.1896341
杏林山北,新北市,瑞芳/貢寮區,121.5897524,25.1580167
和平,苗栗縣,泰安鄉,120.8836637,24.1734643
囉囉埔山,臺東縣,海端鄉,120.7070066,23.1166381
西打鐵坑山北峰,苗栗縣,泰安鄉,120.8887559,24.1851231
西打鐵坑山,苗栗縣,泰安鄉,120.8893256,24.1842392
嵩山西南峰,新北市,瑞芳/貢寮區,121.5548561,25.207703
小龜山,屏東縣,霧台鄉,120.2928006,22.6797913
北牡丹鼻山,屏東縣,霧台鄉,120.8921611,22.2087602
未命名山峰,屏東縣,霧台鄉,120.3652068,22.5157744
雲峰西北峰,臺東縣,海端鄉,120.9645806,23.3678762
草子崎山,新北市,淡水/三芝區,121.3259479,25.0919881
獅子頭,新北市,瑞芳/貢寮區,121.4574129,25.1133751
鳥嘴尖山,高雄市,桃源區,120.5516035,23.3721657
草山南峰,新北市,瑞芳/貢寮區,121.8776051,25.0844612
濁水山主峰,臺中市,和平區,121.0671264,24.1341495
灣潭子山,高雄市,桃源區,120.5870669,23.4279419
官外埔頭山,高雄市,桃源區,120.5629291,23.0443151
香園窩山,桃園市,復興區,121.1298914,24.7302317
龍眼園窩山東峰,桃園市,復興區,121.1378043,24.7321394
十分,苗栗縣,泰安鄉,120.7862389,24.2548852
頂寮山,新北市,瑞芳/貢寮區,121.7453589,25.0906795
埔心,高雄市,桃源區,120.4757618,23.4689671
武佐野群山,南投縣,仁愛鄉,121.3235431,24.3762817
長命山,新北市,瑞芳/貢寮區,121.7635105,25.1228042
頂猴洞山,臺中市,和平區,120.9758905,24.0324978
過港山,新北市,瑞芳/貢寮區,121.7829561,25.1108021
頂坪林,高雄市,桃源區,120.6239439,23.2587028
新達山,南投縣,仁愛鄉,121.2742054,24.4272432
合歡山東峰,南投縣,仁愛鄉,121.2811125,24.1356665
奇萊裡山,南投縣,仁愛鄉,121.3001493,24.0625243
深堀山,南投縣,仁愛鄉,121.2746355,24.0529831
安東軍山北峰,花蓮縣,秀林鄉,121.2685962,23.8835801
裏門山南峰,花蓮縣,秀林鄉,121.1367175,23.5735015
巴奈伊克山,臺東縣,海端鄉,121.0316042,23.4931415
八通關山西峰,臺東縣,海端鄉,121.0039323,23.4897137
小斯拉巴庫山西北,臺東縣,海端鄉,120.770064,23.1436927
新威山,高雄市,桃源區,120.6239556,22.9157996
南美瓏山,臺東縣,海端鄉,120.729614,23.0989351
未命名山峰,新北市,瑞芳/貢寮區,121.6121528,25.1024993
巴幸山東南,臺中市,和平區,120.9053005,24.1760844
大橫屏山北北峰,苗栗縣,泰安鄉,120.828042,24.0891193
頭社,高雄市,桃源區,120.397037,23.1504831
鹽園仔山,高雄市,桃源區,120.456576,23.024306
未命名山峰,高雄市,桃源區,120.383561,23.1546121
打鐵坑,高雄市,桃源區,120.6138797,22.8956208
上仙塘坪,苗栗縣,泰安鄉,120.7932283,24.2478543
赤崁頭,苗栗縣,泰安鄉,120.8141018,24.2142339
西關刀山北北峰,臺中市,和平區,121.0025279,24.0206121
磨壁潭山,新北市,瑞芳/貢寮區,121.726868,24.9434701
裡冷山南,臺中市,和平區,120.960598,24.1706206
柚子宅山北峰,高雄市,桃源區,120.4980814,23.4086349
大崎頭山北峰,新北市,瑞芳/貢寮區,121.5645681,24.9404221
未命名山峰,高雄市,桃源區,120.5412112,22.9196201
內西勢坑山,新北市,瑞芳/貢寮區,121.728122,25.0660998
裡冷山,臺中市,和平區,120.960184,24.1711001
未命名山峰,高雄市,桃源區,120.6777683,23.2455487
三貂崙,新北市,瑞芳/貢寮區,121.8445199,25.0849991
東竹坑社山,屏東縣,霧台鄉,120.708831,22.2512811
屯阿巴娜山,高雄市,桃源區,120.6663752,23.301784
西梅蘭山東南峰,臺東縣,海端鄉,120.8051062,23.2367986
榮華山西峰,高雄市,桃源區,120.5947619,23.4138869
頭凍山西峰,高雄市,桃源區,120.5934671,23.3936398
大崗山,高雄市,桃源區,120.344998,22.8411646
我丹山西南峰,臺東縣,海端鄉,120.727062,23.1898472
多留那使山,臺東縣,海端鄉,120.8960932,23.3066453
梅山口山,臺東縣,海端鄉,120.8330392,23.264809
烏夫冬山西南峰,臺東縣,海端鄉,120.8190261,23.2332071
荖濃山西峰,高雄市,桃源區,120.665725,23.0717381
萬興,嘉義縣,阿里山鄉,120.2189328,23.5878361
未命名山峰,嘉義縣,阿里山鄉,120.4171033,23.8169911
柯子湖山,桃園市,復興區,121.0437223,24.7529714
紫薇高點,桃園市,復興區,121.0417783,24.7538983
牛山,花蓮縣,秀林鄉,121.5631901,23.7728483
風露嘴山,新北市,瑞芳/貢寮區,121.6446229,24.9515691
巃頭山,高雄市,桃源區,120.6818403,23.4407262
薩匹基山,高雄市,桃源區,120.6686489,23.3994831
未命名山峰,花蓮縣,秀林鄉,121.5544409,23.828266
未命名山峰,高雄市,桃源區,120.33745,22.936144
鳳凰山,苗栗縣,泰安鄉,120.7528902,24.3065009
下南勢坑山,桃園市,復興區,120.790474,24.5704621
白象山,新北市,瑞芳/貢寮區,121.8097104,25.1137148
下員坑山,新北市,瑞芳/貢寮區,121.5109188,25.2861899
大茅埔山,新北市,瑞芳/貢寮區,121.4833649,24.9575661
鯉魚山,屏東縣,霧台鄉,120.4504984,22.5539158
內員山,宜蘭縣,大同鄉,121.7066444,24.7506031
未命名山峰,屏東縣,霧台鄉,120.7562239,21.9616283
來藝婦山西北峰,宜蘭縣,大同鄉,121.648868,24.6112261
拾丸山南峰,臺中市,和平區,121.0514111,24.298055
大湖桶山北峰,宜蘭縣,大同鄉,121.658189,24.6468306
茅埔田仔山,花蓮縣,秀林鄉,120.843777,23.6928925
高台山西北峰,新北市,烏來區,121.2129312,24.6603925
未命名山峰,臺中市,和平區,121.024797,24.4458231
裡冷社,臺中市,和平區,120.9108647,24.1312268
十一莊山,臺東縣,海端鄉,121.293269,23.0773752
磺溪頭山,新北市,瑞芳/貢寮區,121.5822951,25.2011182
南勢坑山,新北市,瑞芳/貢寮區,121.8086298,24.9261221
守成大山東北峰,臺中市,和平區,121.0616456,24.054596
尖筆山,桃園市,復興區,121.1480158,24.6691856
佐利屯,臺東縣,海端鄉,121.0634881,23.1089244
幸福峰,新北市,瑞芳/貢寮區,121.869632,25.1142129
瑪達娜溪山,花蓮縣,秀林鄉,121.4928089,23.6479761
他尾羅山東北峰,臺東縣,海端鄉,121.3133144,23.4157851
虎頭山西峰,新北市,淡水/三芝區,121.327882,25.007645
福頭山,新北市,淡水/三芝區,121.3259219,25.0166706
新厝山,新北市,瑞芳/貢寮區,121.919416,25.0573691
未命名山峰,新北市,瑞芳/貢寮區,121.863295,25.1159323
未命名山峰,臺東縣,海端鄉,120.8970476,22.9696623
粗坑頭山,新北市,瑞芳/貢寮區,121.7722443,25.0846439
雞心尖,新北市,瑞芳/貢寮區,121.7476529,24.9942966
燈火尖山,高雄市,桃源區,120.5884185,23.1177417
櫻櫻峰東北峰,南投縣,仁愛鄉,121.2463772,24.1193543
五分山,新北市,淡水/三芝區,121.3313551,25.005677
二子山西峰,新北市,瑞芳/貢寮區,121.5108805,25.1797176
太閣南山,桃園市,復興區,121.1603275,24.632869
初音山東峰,花蓮縣,秀林鄉,121.5418788,23.9664271
南松鶴山,臺中市,和平區,120.9800079,24.1687911
頂上福山,屏東縣,霧台鄉,120.3726481,22.3433281
關公嶺北峰,新北市,淡水/三芝區,121.3871531,25.0072398
關公嶺,新北市,淡水/三芝區,121.3900389,25.0005202
未命名山峰,新北市,瑞芳/貢寮區,121.6486167,25.2270395
東卯山東峰,臺中市,和平區,120.976314,24.1852981
東卯山東南峰,臺中市,和平區,120.9612524,24.1797225
大柯山,嘉義縣,阿里山鄉,120.7649455,23.7143616
未命名山峰,臺東縣,海端鄉,120.8233452,23.4576167
山鼻山,新北市,淡水/三芝區,121.3022511,25.0697664
草山,高雄市,桃源區,120.6588995,23.3398548
大坪頂,高雄市,桃源區,120.4197501,22.846744
大龜山,高雄市,桃源區,120.5669689,22.85232
水聳淒坑山,新北市,瑞芳/貢寮區,121.7299971,24.9258881
坑內頭山,高雄市,桃源區,120.5075385,23.1069104
河表湖山西北峰,高雄市,桃源區,120.6666219,23.2493388
草埔山,屏東縣,霧台鄉,120.7906941,22.233757
大武尖山,屏東縣,霧台鄉,120.7680374,22.7505186
神趾山東北峰,屏東縣,霧台鄉,120.787778,22.7859832
神趾山,屏東縣,霧台鄉,120.783223,22.768191
柑林村,苗栗縣,泰安鄉,120.8496156,24.0080133
未命名山峰,桃園市,復興區,120.845524,24.6037861
未命名山峰,屏東縣,霧台鄉,120.7623618,22.1359341
南何山西峰,桃園市,復興區,121.1443211,24.7503662
勝興山,苗栗縣,泰安鄉,120.7881939,24.392637
仙山南峰,桃園市,復興區,120.948905,24.5290511
未命名山峰,新北市,瑞芳/貢寮區,121.5759495,25.1774817
東松鶴山,臺中市,和平區,120.9878211,24.1806696
烏松坑山南峰,花蓮縣,秀林鄉,120.8140462,23.6005799
營頭頂,桃園市,復興區,120.808819,24.5824492
九股山西北峰,宜蘭縣,大同鄉,121.8209687,24.6118762
安溪寮山,新北市,瑞芳/貢寮區,121.5041011,25.1586928
大屯山西南峰,新北市,瑞芳/貢寮區,121.510489,25.1675511
大屯山西南峰南,新北市,瑞芳/貢寮區,121.508852,25.1644071
下湖山,宜蘭縣,大同鄉,121.6377297,24.6531896
未命名山峰,新北市,瑞芳/貢寮區,121.5960666,25.1430171
未命名山峰,新北市,瑞芳/貢寮區,121.5981999,25.1404931
天通山,臺東縣,海端鄉,120.7536104,23.0578949
光明頂,新北市,瑞芳/貢寮區,121.5042851,24.973068
初音山東南,花蓮縣,秀林鄉,121.5431108,23.963773
乙六階鼻山,花蓮縣,秀林鄉,121.49773,23.7306772
明利,花蓮縣,秀林鄉,121.4107625,23.7055313
鎮平山,花蓮縣,秀林鄉,121.3997826,23.648588
鎮平,花蓮縣,秀林鄉,121.4069532,23.6399432
阿里擺,臺東縣,海端鄉,121.069786,22.8237581
馬里山東南,臺東縣,海端鄉,121.0532231,22.8299141
鯉魚山,屏東縣,霧台鄉,121.142041,22.7534161
北茶青角山,高雄市,桃源區,120.5550511,22.9695862
三笠山,臺東縣,海端鄉,121.3267232,23.4059817
未命名山峰,高雄市,桃源區,120.4947297,23.4742046
未命名山峰,屏東縣,霧台鄉,120.8543743,22.358221
未命名山峰,屏東縣,霧台鄉,120.8502008,22.3580176
埔頂庄,新北市,淡水/三芝區,121.1021081,25.0451632
未命名山峰,臺東縣,海端鄉,121.0731655,22.9176413
十八羅漢山,新北市,瑞芳/貢寮區,121.754734,25.1370681
大牛稠嶺,新北市,瑞芳/貢寮區,121.6764228,25.1379129
菁埔寮山,高雄市,桃源區,120.440549,23.018331
龍鳳山,新北市,瑞芳/貢寮區,121.714555,25.1036181
龍崗山,新北市,瑞芳/貢寮區,121.9005845,24.9879941
上內平林山,新北市,瑞芳/貢寮區,121.782532,25.0122091
未命名山峰,新北市,瑞芳/貢寮區,121.8140621,24.9991056
穿龍,臺中市,和平區,120.9058916,24.2743823
牛稠嶺,新北市,瑞芳/貢寮區,121.787083,25.1417846
盡尾山東南峰,臺中市,和平區,121.0116968,24.3984583
內樹皮山東南峰,嘉義縣,阿里山鄉,120.7711208,23.6594368
菜公店山,高雄市,桃源區,120.5586019,23.4677511
菜公店東南峰,高雄市,桃源區,120.5610209,23.466031
馬麟堀山,臺中市,和平區,120.9040735,24.0040577
大平頂山,屏東縣,霧台鄉,120.6983381,22.0099293
布洛灣,南投縣,仁愛鄉,121.5678429,24.169938
白沙橋山,南投縣,仁愛鄉,121.58182,24.1681717
朝暾山西南,南投縣,仁愛鄉,121.5244773,24.2389511
砂山西南峰,南投縣,仁愛鄉,121.5498199,24.2206641
宮前山東南,花蓮縣,秀林鄉,121.5526431,23.9915745
真風矢山,屏東縣,霧台鄉,120.687922,22.6877421
亞泥笛山西北峰,屏東縣,霧台鄉,120.7642463,22.7434002
靈山,屏東縣,霧台鄉,120.4412191,22.755869
虎子山,高雄市,桃源區,120.2364245,22.9533667
龍林厝,高雄市,桃源區,120.499521,23.4597481
福龍山,高雄市,桃源區,120.5285797,23.3282523
雞胸山,高雄市,桃源區,120.5258693,23.3253578
龍頭山,嘉義縣,阿里山鄉,120.6940923,23.5978949
南阿郡,高雄市,桃源區,120.6479066,23.3945129
阿郡山,高雄市,桃源區,120.6454452,23.4022433
阿郡,高雄市,桃源區,120.6482319,23.4039431
石峽內,高雄市,桃源區,120.6272839,23.2957068
萬順寮山,新北市,瑞芳/貢寮區,121.6076449,25.0039925
虎頭山,高雄市,桃源區,120.4689791,22.865251
中和山東,苗栗縣,泰安鄉,120.84686,24.1545176
福興山東南,臺中市,和平區,120.99334,24.020482
湯匙山,高雄市,桃源區,120.1597958,22.9990099
神桌山北峰,桃園市,復興區,120.977914,24.5891511
北勢窩,桃園市,復興區,120.71357,24.5199821
南何山南峰,桃園市,復興區,121.14943,24.74892
加蚋埔山,屏東縣,霧台鄉,120.6335374,22.7828356
北賽嘉山,屏東縣,霧台鄉,120.644917,22.7624371
北旗尾南山,高雄市,桃源區,120.491908,22.8838786
新坡尾山,新北市,瑞芳/貢寮區,121.5812929,25.0883441
頂草埔尾山,新北市,瑞芳/貢寮區,121.60149,25.265969
竹子山腳山,新北市,瑞芳/貢寮區,121.620528,25.2420972
未命名山峰,新北市,瑞芳/貢寮區,121.7300291,25.1500234
大漢山前峰,屏東縣,霧台鄉,120.745931,22.410164
未命名山峰,桃園市,復興區,121.0047872,24.5892964
埔姜山東峰,屏東縣,霧台鄉,120.621852,22.4417471
益壽山,新北市,瑞芳/貢寮區,121.7179589,25.0901751
荖寮山,新北市,瑞芳/貢寮區,121.7592139,25.0593862
欉仔坑山西南峰,高雄市,桃源區,120.4554081,22.8077319
欉仔坑山,高雄市,桃源區,120.4569661,22.808444
三角堀山,屏東縣,霧台鄉,120.455133,22.7941271
合流坪山,花蓮縣,秀林鄉,121.0063291,23.7887562
雙溪山,新北市,瑞芳/貢寮區,121.5937348,25.1298358
未命名山峰,高雄市,桃源區,120.6772848,23.134499
向天湖西北峰,桃園市,復興區,121.0103895,24.584828
長命山西南峰,新北市,瑞芳/貢寮區,121.761884,25.1214501
草屯,嘉義縣,阿里山鄉,120.6720499,23.9986006
虎子山,新北市,瑞芳/貢寮區,121.9447168,25.0143966
姑姑山東,花蓮縣,秀林鄉,120.9889016,23.8085829
未命名山峰,新北市,瑞芳/貢寮區,121.9268958,25.0009696
南仁外山,屏東縣,霧台鄉,120.8386496,22.0903022
尖筆窩山,桃園市,復興區,121.1425766,24.6757173
未命名山峰,屏東縣,霧台鄉,120.7681675,21.9599336
鼓山,高雄市,桃源區,120.4733127,22.8900854
未命名山峰,高雄市,桃源區,120.6918821,22.9104507
未命名山峰,高雄市,桃源區,120.687704,22.9097248
未命名山峰,臺東縣,海端鄉,121.3008328,23.4308812
未命名山峰,臺東縣,海端鄉,121.3079001,23.4424369
未命名山峰,臺東縣,海端鄉,121.3078302,23.4593986
未命名山峰,臺東縣,海端鄉,121.3039913,23.450617
未命名山峰,高雄市,桃源區,120.679212,23.2225526
南庄山,桃園市,復興區,121.0029411,24.5914111
未命名山峰,花蓮縣,秀林鄉,120.9932564,23.9544616
未命名山峰,高雄市,桃源區,120.5086376,23.0349819
刣牛湖山西南,高雄市,桃源區,120.515979,23.0417111
石坑山,高雄市,桃源區,120.478189,22.9798751
華巴諾山西北峰,臺東縣,海端鄉,121.097102,23.3654541
西九份坑山前峰,新北市,瑞芳/貢寮區,121.8696901,25.0430821
殺人埔山東北峰,嘉義縣,阿里山鄉,120.6805882,23.7329666
未命名山峰,屏東縣,霧台鄉,120.6938682,22.5480322
戶亞宇山主峰,屏東縣,霧台鄉,120.68137,22.5450741
小觀音山東南峰,新北市,瑞芳/貢寮區,121.5451965,25.1862329
南坪林山,桃園市,復興區,121.138582,24.7926912
小觀音山西南峰,新北市,瑞芳/貢寮區,121.5351865,25.1867652
菜公坑山,新北市,瑞芳/貢寮區,121.522266,25.1897721
龍鳳巖山,新北市,瑞芳/貢寮區,121.4311411,25.0840941
丹鳳山,新北市,瑞芳/貢寮區,121.508291,25.1320401
青春嶺,苗栗縣,泰安鄉,120.7489761,24.1752331
土地公山,嘉義縣,阿里山鄉,120.7500304,23.7545379
崁頭,嘉義縣,阿里山鄉,120.750641,23.7444241
小觀音山東峰,新北市,瑞芳/貢寮區,121.5439539,25.1894496
牛相觸,花蓮縣,秀林鄉,120.9415689,23.9648598
珠仔山,花蓮縣,秀林鄉,120.9606783,23.9387636
大平籠山,苗栗縣,泰安鄉,120.88054,24.201735
山子坑山,嘉義縣,阿里山鄉,120.5139229,23.541993
抽藤坑山,苗栗縣,泰安鄉,120.8298639,24.165424
南伊拉山,屏東縣,霧台鄉,120.710764,22.736588
內惟山,屏東縣,霧台鄉,120.271738,22.6557601
五窯坑山,苗栗縣,泰安鄉,120.8677319,24.1941771
未命名山峰,宜蘭縣,大同鄉,121.597618,24.635595
牛鬥山東南峰,宜蘭縣,大同鄉,121.597902,24.6362351
豬肚潭山,嘉義縣,阿里山鄉,120.734812,23.930585
大平林山東南峰,新北市,瑞芳/貢寮區,121.8177821,25.0418541
黑山北峰,苗栗縣,泰安鄉,120.8021708,24.1724931
上谷關山北峰,臺中市,和平區,121.014857,24.208786
大湖桶山,苗栗縣,泰安鄉,120.815389,24.1103791
東南坑山,苗栗縣,泰安鄉,120.776727,24.153267
上谷關山,臺中市,和平區,121.0152281,24.2077492
上林山,新北市,瑞芳/貢寮區,121.822338,25.0290831
咬狗山,嘉義縣,阿里山鄉,120.6098261,23.722607
妙高台,新北市,瑞芳/貢寮區,121.580143,25.017004
牡丹路山最高峰,屏東縣,霧台鄉,120.7569257,22.1777259
龍船岩,新北市,瑞芳/貢寮區,121.5969298,25.1005291
大埔山,臺東縣,海端鄉,121.1816221,23.1453081
未命名山峰,臺東縣,海端鄉,121.1729953,23.1467951
三粒半(大粒),新北市,瑞芳/貢寮區,121.4541801,24.9442211
清水石門山,新北市,瑞芳/貢寮區,121.454441,24.9574071
內冷水坑山,新北市,瑞芳/貢寮區,121.4630669,24.9728091
清水二尖山,新北市,瑞芳/貢寮區,121.4688359,24.968634
未命名山峰,屏東縣,霧台鄉,120.831442,22.022642
未命名山峰,屏東縣,霧台鄉,120.8813161,22.0719881
未命名山峰,屏東縣,霧台鄉,120.683604,22.4217691
六禮,屏東縣,霧台鄉,120.8298203,22.428913
福興山南峰,臺中市,和平區,120.985628,24.0217941
大坑山西峰,新北市,瑞芳/貢寮區,121.6014449,25.0153262
未命名山峰,屏東縣,霧台鄉,120.7850641,22.516902
虷子崙,屏東縣,霧台鄉,120.966855,22.5381101
未命名山峰,屏東縣,霧台鄉,120.8832041,22.6228071
未命名山峰,高雄市,桃源區,120.418011,22.808582
未命名山峰,屏東縣,霧台鄉,120.6455361,22.7603971
未命名山峰,高雄市,桃源區,120.644701,22.8282971
未命名山峰,臺東縣,海端鄉,120.7052771,22.8123311
未命名山峰,高雄市,桃源區,120.6476399,22.8750015
未命名山峰,屏東縣,霧台鄉,120.9022213,22.7401387
未命名山峰,屏東縣,霧台鄉,120.3786531,22.7237271
308高地,高雄市,桃源區,120.4422289,22.976003
未命名山峰,高雄市,桃源區,120.5806211,22.9333891
未命名山峰,臺東縣,海端鄉,120.762418,22.9114931
未命名山峰,高雄市,桃源區,120.606438,23.0804742
未命名山峰,高雄市,桃源區,120.6669821,23.0705144
未命名山峰,臺東縣,海端鄉,120.901009,22.8869912
東來山,臺東縣,海端鄉,120.815034,23.0199631
未命名山峰,臺東縣,海端鄉,120.9834921,23.0703902
未命名山峰,臺東縣,海端鄉,120.982482,23.0708552
未命名山峰,臺東縣,海端鄉,121.0357829,22.8976772
未命名山峰,臺東縣,海端鄉,121.2193979,22.9862322
未命名山峰,臺東縣,海端鄉,121.348998,23.0911401
新社東,苗栗縣,泰安鄉,120.8152838,24.2493936
新社,苗栗縣,泰安鄉,120.8133582,24.2510088
新社西,苗栗縣,泰安鄉,120.8060911,24.2403065
大平林山,新北市,瑞芳/貢寮區,121.816658,25.0429671
未命名山峰,高雄市,桃源區,120.485437,22.9717281
唐麻丹山西北峰,臺中市,和平區,120.9646134,24.1658009
三粒半(小粒),新北市,瑞芳/貢寮區,121.4498329,24.9427672
高麗坑山西北峰,新北市,瑞芳/貢寮區,121.552965,24.9690896
未命名山峰,新北市,瑞芳/貢寮區,121.8012919,25.0044559
未命名山峰,新北市,瑞芳/貢寮區,121.8050229,24.9978803
未命名山峰,新北市,瑞芳/貢寮區,121.8044328,24.9897096
未命名山峰,新北市,瑞芳/貢寮區,121.8026893,24.9842444
未命名山峰,新北市,瑞芳/貢寮區,121.8100869,24.9880905
未命名山峰,新北市,瑞芳/貢寮區,121.8102423,24.9934511
未命名山峰,新北市,瑞芳/貢寮區,121.8161943,25.0078735
未命名山峰,新北市,瑞芳/貢寮區,121.820644,24.987279
未命名山峰,新北市,瑞芳/貢寮區,121.823286,24.9831406
未命名山峰,高雄市,桃源區,120.381211,23.2226232
未命名山峰,高雄市,桃源區,120.457497,23.2865542
未命名山峰,臺東縣,海端鄉,120.770373,23.2718359
未命名山峰,高雄市,桃源區,120.4701479,23.3464049
未命名山峰,高雄市,桃源區,120.4984139,23.4069649
脈脈山南峰,臺東縣,海端鄉,120.770278,23.3952271
未命名山峰,臺東縣,海端鄉,120.8510051,23.1263421
戶比屋山,臺東縣,海端鄉,120.8603409,23.127531
未命名山峰,臺東縣,海端鄉,120.8108325,23.1729319
未命名山峰,臺東縣,海端鄉,120.928929,23.1564361
未命名山峰,臺東縣,海端鄉,120.9664765,23.1682272
眉溪山,臺中市,和平區,121.1202716,24.0271387
未命名山峰,臺東縣,海端鄉,121.352787,23.230104
大庄越山,臺東縣,海端鄉,121.3608957,23.244648
未命名山峰,臺東縣,海端鄉,121.4103888,23.2859321
未命名山峰,臺東縣,海端鄉,121.3596871,23.2527091
未命名山峰,臺東縣,海端鄉,121.400078,23.2377681
未命名山峰,臺東縣,海端鄉,121.255148,23.1477391
未命名山峰,臺東縣,海端鄉,120.9482531,23.4043401
未命名山峰,臺東縣,海端鄉,121.135427,23.1940991
未命名山峰,臺東縣,海端鄉,121.0955433,23.1584401
未命名山峰,臺東縣,海端鄉,121.009501,23.1409161
未命名山峰,臺東縣,海端鄉,120.8571056,23.2805771
未命名山峰,高雄市,桃源區,120.6691189,23.4831331
未命名山峰,嘉義縣,阿里山鄉,120.5146239,23.5620051
東山寮山,嘉義縣,阿里山鄉,120.6936607,23.6321545
未命名山峰,花蓮縣,秀林鄉,121.3588956,23.6043081
貓公山北峰,花蓮縣,秀林鄉,121.5220149,23.5853491
貓公越山,花蓮縣,秀林鄉,121.4804219,23.6383061
八甲寮山,高雄市,桃源區,120.3525263,22.9194744
未命名山峰,高雄市,桃源區,120.5088401,23.4753093
未命名山峰,嘉義縣,阿里山鄉,120.5813499,23.582051
未命名山峰,嘉義縣,阿里山鄉,120.4165659,23.8168601
未命名山峰,嘉義縣,阿里山鄉,120.7464759,23.7252201
南鳳凰山,花蓮縣,秀林鄉,120.8075879,23.6709881
未命名山峰,花蓮縣,秀林鄉,120.8066419,23.6826491
姑姑山,花蓮縣,秀林鄉,120.976058,23.8082171
未命名山峰,花蓮縣,秀林鄉,120.9550949,23.8214051
三望山最高峰,花蓮縣,秀林鄉,121.5094343,23.649599
未命名山峰,花蓮縣,秀林鄉,121.2360789,23.7244821
未命名山峰,花蓮縣,秀林鄉,121.3940228,23.7993521
未命名山峰,花蓮縣,秀林鄉,121.5321208,23.830441
尖棟山,新北市,瑞芳/貢寮區,121.4050942,24.9990162
未命名山峰,花蓮縣,秀林鄉,120.8645225,23.5491809
頭社山主峰,花蓮縣,秀林鄉,120.9123761,23.8293032
新武界山,花蓮縣,秀林鄉,121.057756,23.9109821
未命名山峰,花蓮縣,秀林鄉,121.4047908,23.8050051
北萬大山主峰,花蓮縣,秀林鄉,121.168263,23.9819951
未命名山峰,花蓮縣,秀林鄉,121.1738079,23.9923371
未命名山峰,南投縣,仁愛鄉,121.2855159,24.041658
未命名山峰,花蓮縣,秀林鄉,121.447539,23.9275891
未命名山峰,花蓮縣,秀林鄉,121.477083,23.9324831
未命名山峰,臺中市,和平區,120.9162659,24.065694
未命名山峰,臺中市,和平區,120.930527,24.067146
未命名山峰,臺中市,和平區,121.0183929,24.0260424
中央東眼山東南峰,臺中市,和平區,121.1240426,24.0564255
東埔國小後山,花蓮縣,秀林鄉,120.9248753,23.5640169
未命名山峰,花蓮縣,秀林鄉,120.9800262,23.777082
五叉崙山西,花蓮縣,秀林鄉,120.8220358,23.618723
未命名山峰,高雄市,桃源區,120.3945669,22.8054581
廍子坑山南峰,苗栗縣,泰安鄉,120.75042,24.1526961
未命名山峰,苗栗縣,泰安鄉,120.768068,24.3692461
未命名山峰,苗栗縣,泰安鄉,120.8561721,24.142293
稍來坑山,苗栗縣,泰安鄉,120.8941141,24.197155
打鐵坑山北北峰,臺中市,和平區,120.90117,24.1861841
未命名山峰,苗栗縣,泰安鄉,120.872808,24.231007
麻竹坑頭山北峰,苗栗縣,泰安鄉,120.864058,24.2106441
未命名山峰,苗栗縣,泰安鄉,120.889324,24.3168411
未命名山峰,苗栗縣,泰安鄉,120.882383,24.3380091
未命名山峰,苗栗縣,泰安鄉,120.8846971,24.3355651
未命名山峰,臺中市,和平區,120.9238329,24.2855871
未命名山峰,臺中市,和平區,120.909893,24.3153861
未命名山峰,臺中市,和平區,120.909329,24.3286821
未命名山峰,臺中市,和平區,120.90528,24.3253571
未命名山峰,臺中市,和平區,120.977128,24.2891841
未命名山峰,臺中市,和平區,121.0708521,24.1511411
未命名山峰,臺中市,和平區,121.060869,24.1954131
未命名山峰,臺中市,和平區,121.0261061,24.2739291
雙澎山,新北市,瑞芳/貢寮區,121.8060282,25.1471702
穩凍山,高雄市,桃源區,120.5218852,23.2881722
穩凍山最高點,高雄市,桃源區,120.52215,23.2885645
神農山,高雄市,桃源區,120.522389,23.2858061
未命名山峰,苗栗縣,泰安鄉,120.732282,24.3792341
未命名山峰,南投縣,仁愛鄉,121.4646481,24.1593559
未命名山峰,南投縣,仁愛鄉,121.5583541,24.2232921
蘇魯山,苗栗縣,泰安鄉,120.887047,24.3637201
未命名山峰,苗栗縣,泰安鄉,120.8008145,24.4068479
鯉魚石下山,苗栗縣,泰安鄉,120.8202911,24.4237061
碑頭坑山,苗栗縣,泰安鄉,120.801379,24.4404111
未命名山峰,臺中市,和平區,120.9352065,24.3563131
未命名山峰,臺中市,和平區,120.925437,24.3691171
千兩山南峰,臺中市,和平區,120.9501967,24.3668006
未命名山峰,臺中市,和平區,120.9304691,24.3745441
未命名山峰,臺中市,和平區,121.0380631,24.3651131
未命名山峰,桃園市,復興區,121.0875847,24.7222807
未命名山峰,南投縣,仁愛鄉,121.3243739,24.4053681
未命名山峰,南投縣,仁愛鄉,121.354388,24.4398621
未命名山峰,南投縣,仁愛鄉,121.468692,24.4366391
未命名山峰,南投縣,仁愛鄉,121.6424311,24.2972981
未命名山峰,南投縣,仁愛鄉,121.757249,24.3758151
新路坑山北峰,新北市,淡水/三芝區,121.336491,25.0098121
木子山,高雄市,桃源區,120.3929485,22.8218056
未命名山峰,臺東縣,海端鄉,121.4215569,23.1263106
下崁頭,嘉義縣,阿里山鄉,120.7585864,23.7283802
內轆山,嘉義縣,阿里山鄉,120.7107822,23.9461185
簡寮,嘉義縣,阿里山鄉,120.6971479,23.9274736
半山,嘉義縣,阿里山鄉,120.6689842,23.9199833
南投台,嘉義縣,阿里山鄉,120.6352477,23.9435446
林子頭,嘉義縣,阿里山鄉,120.6783424,23.9757244
番子田總督府,苗栗縣,泰安鄉,120.6814384,24.0017854
下茄荖,苗栗縣,泰安鄉,120.646295,24.0203332
北勢湳,嘉義縣,阿里山鄉,120.7164802,23.9926534
竹城子,嘉義縣,阿里山鄉,120.7410981,23.9702123
頂城,嘉義縣,阿里山鄉,120.7584047,23.9728218
大丘園,嘉義縣,阿里山鄉,120.7534374,23.9282809
番子田,苗栗縣,泰安鄉,120.6829797,24.0015917
平林橋南,嘉義縣,阿里山鄉,120.7537756,23.980071
雙子山,花蓮縣,秀林鄉,121.1509362,23.8401415
南雙頭山東峰,臺東縣,海端鄉,121.0151875,23.34637
大分富士山,臺東縣,海端鄉,121.0325857,23.3339645
卑南主山西北峰,臺東縣,海端鄉,120.8650186,23.0619835
虎形山,苗栗縣,泰安鄉,120.706409,24.4783141
麻園坑口山,桃園市,復興區,120.7861449,24.5895301
未命名山峰,桃園市,復興區,120.7712601,24.5610371
未命名山峰,臺中市,和平區,120.904932,24.4591352
未命名山峰,苗栗縣,泰安鄉,120.8916091,24.4506531
未命名山峰,苗栗縣,泰安鄉,120.896013,24.4570442
未命名山峰,苗栗縣,泰安鄉,120.883552,24.4535652
未命名山峰,桃園市,復興區,120.885917,24.5120401
橫龍山北峰,臺中市,和平區,120.964094,24.4861211
未命名山峰,臺中市,和平區,120.998281,24.4857651
未命名山峰,臺中市,和平區,120.988287,24.4821971
未命名山峰,桃園市,復興區,120.9033411,24.5034181
未命名山峰,桃園市,復興區,120.9081641,24.5074591
未命名山峰,桃園市,復興區,120.907552,24.5055511
未命名山峰,桃園市,復興區,120.9327871,24.5175491
仙山東南峰,桃園市,復興區,120.955585,24.5397471
仙山南前峰,桃園市,復興區,120.9518409,24.5325621
可那部山,臺東縣,海端鄉,120.752844,23.2285304
未命名山峰,桃園市,復興區,121.021342,24.5025991
未命名山峰,臺中市,和平區,121.111701,24.4804921
未命名山峰,桃園市,復興區,121.067112,24.5196981
未命名山峰,桃園市,復興區,120.981767,24.581411
大屋坑山北峰,桃園市,復興區,120.980299,24.5978221
未命名山峰,桃園市,復興區,121.146628,24.5643051
1818峰,桃園市,復興區,121.152789,24.5647321
高橋山,桃園市,復興區,121.1710291,24.5665138
未命名山峰,桃園市,復興區,121.167901,24.5631731
未命名山峰,南投縣,仁愛鄉,121.3209121,24.4486341
未命名山峰,南投縣,仁愛鄉,121.3409931,24.4806461
未命名山峰,南投縣,仁愛鄉,121.361727,24.4904651
未命名山峰,南投縣,仁愛鄉,121.3671908,24.4550551
未命名山峰,新北市,烏來區,121.3552004,24.5508092
未命名山峰,南投縣,仁愛鄉,121.656608,24.4506161
下銅山前峰,宜蘭縣,大同鄉,121.684382,24.5011711
未命名山峰,南投縣,仁愛鄉,121.826949,24.4713281
未命名山峰,宜蘭縣,大同鄉,121.748156,24.5847181
百川山東南峰,臺中市,和平區,121.0061823,24.2963871
大南坑山,苗栗縣,泰安鄉,120.8883787,24.2299362
大南坑山主峰,苗栗縣,泰安鄉,120.889244,24.2303313
張大人營,苗栗縣,泰安鄉,120.8551061,24.1432745
北眉溪山,臺中市,和平區,121.1151917,24.0369542
白毛山北峰,臺中市,和平區,120.9235579,24.1679902
恒光橋崙,新北市,瑞芳/貢寮區,121.5674832,24.9796532
北松鶴山,臺中市,和平區,120.9744912,24.1787264
上谷關山南南峰,臺中市,和平區,121.0163916,24.2048754
上谷關山南峰,臺中市,和平區,121.0159979,24.2061522
十文溪山,臺中市,和平區,120.9889513,24.1936131
未命名山峰,桃園市,復興區,120.8637591,24.6432041
未命名山峰,桃園市,復興區,120.9494761,24.6076101
未命名山峰,桃園市,復興區,120.9992371,24.6547911
玖玖山,桃園市,復興區,121.013987,24.6418431
未命名山峰,桃園市,復興區,121.041282,24.6545441
大隘山,桃園市,復興區,121.086733,24.6325471
未命名山峰,桃園市,復興區,121.0958491,24.6442831
未命名山峰,桃園市,復興區,121.113899,24.6512761
未命名山峰,桃園市,復興區,121.1103049,24.6494291
未命名山峰,桃園市,復興區,121.171175,24.6486291
未命名山峰,桃園市,復興區,121.0628201,24.6556071
未命名山峰,桃園市,復興區,121.0752641,24.7043311
未命名山峰,桃園市,復興區,121.114897,24.6830211
未命名山峰,桃園市,復興區,121.1423831,24.7243161
未命名山峰,桃園市,復興區,121.1383671,24.7364761
未命名山峰,桃園市,復興區,121.137541,24.7240621
未命名山峰,新北市,瑞芳/貢寮區,121.860137,24.9711831
未命名山峰,新北市,烏來區,121.412918,24.6420861
未命名山峰,新北市,烏來區,121.239218,24.7031752
未命名山峰,新北市,烏來區,121.2379811,24.7048471
未命名山峰,新北市,烏來區,121.235437,24.7296121
未命名山峰,新北市,烏來區,121.2337299,24.7326741
未命名山峰,新北市,烏來區,121.4430011,24.6580521
未命名山峰,新北市,烏來區,121.4297724,24.6603401
未命名山峰,新北市,烏來區,121.476883,24.6266811
未命名山峰,宜蘭縣,大同鄉,121.6536251,24.7069281
未命名山峰,宜蘭縣,大同鄉,121.6483679,24.7204221
雙溪口山,宜蘭縣,大同鄉,121.617798,24.7516001
未命名山峰,宜蘭縣,大同鄉,121.7001751,24.7992911
未命名山峰,宜蘭縣,大同鄉,121.771411,24.6140321
十三分山,宜蘭縣,大同鄉,121.7631519,24.6076411
未命名山峰,新北市,淡水/三芝區,121.0639299,24.8144021
未命名山峰,桃園市,復興區,121.1557409,24.762573
未命名山峰,桃園市,復興區,121.157413,24.7630711
未命名山峰,新北市,淡水/三芝區,121.127193,24.8207761
未命名山峰,桃園市,復興區,121.1391839,24.7941641
頭寮山,新北市,淡水/三芝區,121.2969817,24.8345929
未命名山峰,新北市,淡水/三芝區,121.3107419,24.84174
未命名山峰,新北市,淡水/三芝區,121.309818,24.8620091
娘子坑山,新北市,淡水/三芝區,121.309916,24.9016721
未命名山峰,新北市,瑞芳/貢寮區,121.8413936,24.9849112
未命名山峰,新北市,瑞芳/貢寮區,121.8326091,24.9724676
尖頭山,新北市,瑞芳/貢寮區,121.5981968,25.0218402
未命名山峰,新北市,瑞芳/貢寮區,121.400291,24.8914971
未命名山峰,新北市,瑞芳/貢寮區,121.423513,24.9014821
未命名山峰,新北市,瑞芳/貢寮區,121.412126,24.9218952
未命名山峰,新北市,瑞芳/貢寮區,121.408644,24.9200439
未命名山峰,新北市,瑞芳/貢寮區,121.459466,24.8289761
未命名山峰,新北市,瑞芳/貢寮區,121.4413441,24.8815741
未命名山峰,宜蘭縣,大同鄉,121.6567,24.7795821
未命名山峰,新北市,瑞芳/貢寮區,121.54835,24.8276991
未命名山峰,新北市,瑞芳/貢寮區,121.5286831,24.8535591
未命名山峰,新北市,瑞芳/貢寮區,121.4610551,24.9281242
未命名山峰,新北市,瑞芳/貢寮區,121.478593,24.9190761
未命名山峰,新北市,瑞芳/貢寮區,121.586751,24.9019931
未命名山峰,新北市,瑞芳/貢寮區,121.63258,24.9055221
未命名山峰,新北市,瑞芳/貢寮區,121.4704161,24.8762821
未命名山峰,新北市,瑞芳/貢寮區,121.6055102,24.935201
五峰旗山,新北市,瑞芳/貢寮區,121.7544181,24.8466231
未命名山峰,新北市,瑞芳/貢寮區,121.7879391,24.8613771
未命名山峰,新北市,瑞芳/貢寮區,121.645025,24.9080991
未命名山峰,新北市,瑞芳/貢寮區,121.6314851,24.9173091
仁里坂山,新北市,瑞芳/貢寮區,121.67919,24.9246851
未命名山峰,新北市,瑞芳/貢寮區,121.6610271,24.9252041
倒吊嶺東峰,新北市,瑞芳/貢寮區,121.6974301,24.9052991
未命名山峰,新北市,瑞芳/貢寮區,121.7182781,24.9001621
未命名山峰,新北市,瑞芳/貢寮區,121.723496,24.9175481
未命名山峰,新北市,瑞芳/貢寮區,121.7300611,24.9195641
未命名山峰,新北市,瑞芳/貢寮區,121.740444,24.8893271
磨碧潭山,新北市,瑞芳/貢寮區,121.734427,24.8824541
未命名山峰,新北市,瑞芳/貢寮區,121.740859,24.9092551
未命名山峰,新北市,瑞芳/貢寮區,121.737488,24.9148001
未命名山峰,新北市,瑞芳/貢寮區,121.742104,24.9179551
未命名山峰,新北市,瑞芳/貢寮區,121.812228,24.9255501
未命名山峰,新北市,瑞芳/貢寮區,121.8517331,24.8974721
阿泉坑山東南峰,新北市,瑞芳/貢寮區,121.567489,24.9733711
未命名山峰,新北市,瑞芳/貢寮區,121.6069137,25.037742
虎寮潭山南峰,新北市,瑞芳/貢寮區,121.7527002,24.9460212
未命名山峰,高雄市,桃源區,120.3624706,23.0874882
未命名山峰,新北市,瑞芳/貢寮區,121.7221481,24.9824671
未命名山峰,新北市,瑞芳/貢寮區,121.6711351,24.9917492
未命名山峰,新北市,瑞芳/貢寮區,121.7179151,25.0075551
未命名山峰,新北市,瑞芳/貢寮區,121.7211529,25.0088461
未命名山峰,新北市,瑞芳/貢寮區,121.7257918,25.0106641
未命名山峰,新北市,瑞芳/貢寮區,121.6687165,25.0500508
未命名山峰,新北市,瑞芳/貢寮區,121.7140231,25.0296151
未命名山峰,新北市,瑞芳/貢寮區,121.720942,25.0322911
未命名山峰,新北市,瑞芳/貢寮區,121.773703,24.9746791
未命名山峰,新北市,瑞芳/貢寮區,121.76318,25.0050031
未命名山峰,新北市,瑞芳/貢寮區,121.807278,25.0374351
未命名山峰,新北市,瑞芳/貢寮區,121.8458801,24.9925271
未命名山峰,新北市,瑞芳/貢寮區,121.8466301,24.9940451
未命名山峰,新北市,瑞芳/貢寮區,121.845985,24.9957352
未命名山峰,新北市,瑞芳/貢寮區,121.84208,24.9930489
未命名山峰,新北市,瑞芳/貢寮區,121.9324541,25.0197901
未命名山峰,新北市,瑞芳/貢寮區,121.846194,25.0265841
未命名山峰,新北市,瑞芳/貢寮區,121.8615802,25.0259832
未命名山峰,新北市,瑞芳/貢寮區,121.8918321,25.0190111
未命名山峰,新北市,瑞芳/貢寮區,121.907398,25.0463571
未命名山峰,新北市,瑞芳/貢寮區,121.9091551,25.0491831
未命名山峰,新北市,瑞芳/貢寮區,121.6355094,24.8580153
未命名山峰,新北市,瑞芳/貢寮區,121.6156986,24.8605265
土地公山,新北市,瑞芳/貢寮區,121.7870686,25.0069035
平林山,新北市,瑞芳/貢寮區,121.8171251,25.0290513
紅淡山東南峰,新北市,瑞芳/貢寮區,121.7547711,25.1171032
后番仔坑山,新北市,瑞芳/貢寮區,121.8159493,25.0349663
後厝山,新北市,瑞芳/貢寮區,121.6949877,24.9996593
雙坑山,新北市,瑞芳/貢寮區,121.5785729,24.9433375
下南片山,新北市,淡水/三芝區,121.118324,24.808004
鳥嘴下山,新北市,烏來區,121.2893686,24.715106
橫科山南峰,新北市,瑞芳/貢寮區,121.6250013,25.0502146
八五山,新北市,烏來區,121.283658,24.7077605
長潭坑山,苗栗縣,泰安鄉,120.7563463,24.4340739
富健山,新北市,瑞芳/貢寮區,121.73109,25.1073136
犁園寮,嘉義縣,阿里山鄉,120.6300042,23.5443961
大克山南峰,臺中市,和平區,120.9120606,24.2994467
鵝公髻山西峰,桃園市,復興區,121.0575443,24.6045852
枕頭山,苗栗縣,泰安鄉,120.7660728,24.3342803
馬頭厝山,新北市,淡水/三芝區,121.3810681,25.0024338
水寨山,苗栗縣,泰安鄉,120.8794748,24.338109
大坑山,桃園市,復興區,120.8430935,24.502003
水寨下山,苗栗縣,泰安鄉,120.8782311,24.3403826
沖庫山,桃園市,復興區,120.8879965,24.5204833
新潮嶺,新北市,淡水/三芝區,121.3753626,24.998903
東阿里擺山,臺東縣,海端鄉,121.0747035,22.8229587
玉留山,臺東縣,海端鄉,121.0025682,22.998641
龜子腳山,屏東縣,霧台鄉,120.8433062,21.9848079
西亞欠山,臺東縣,海端鄉,120.9551303,22.9330416
鳳山,屏東縣,霧台鄉,120.3817019,22.5301057
大原山,臺東縣,海端鄉,121.1338258,22.9849457
駱駝山,屏東縣,霧台鄉,120.3686735,22.5213272
莿桐坑山,高雄市,桃源區,120.5316424,22.9181618
囉囉埔山西北峰,臺東縣,海端鄉,120.7047848,23.1186356
小我丹山西北峰,臺東縣,海端鄉,120.7494666,23.1608958
四社山東南峰,臺東縣,海端鄉,120.7044172,23.1192566
東關刀山,臺中市,和平區,121.0235111,24.0027654
小我丹山,臺東縣,海端鄉,120.7530542,23.157772
東卯山西南峰,臺中市,和平區,120.9505731,24.1744777
東關刀山北峰,臺中市,和平區,121.024499,24.0103929
東卯山西峰,臺中市,和平區,120.9372303,24.1800954
福興山西峰,臺中市,和平區,120.9773283,24.0216506
廣善嶺,高雄市,桃源區,120.527036,22.9144262
東關刀山北北峰,臺中市,和平區,121.0241467,24.0114016
未命名山峰,新北市,淡水/三芝區,121.3034761,25.0917801
未命名山峰,新北市,淡水/三芝區,121.3781499,25.1003801
未命名山峰,新北市,瑞芳/貢寮區,121.4017099,25.1104491
未命名山峰,新北市,瑞芳/貢寮區,121.4222329,25.1078811
十三分尾山,新北市,瑞芳/貢寮區,121.635806,25.0387341
未命名山峰,新北市,瑞芳/貢寮區,121.6255127,25.052638
未命名山峰,新北市,瑞芳/貢寮區,121.435887,25.0940101
福隆山,新北市,瑞芳/貢寮區,121.436816,25.1163051
未命名山峰,新北市,瑞芳/貢寮區,121.45722,25.1688531
未命名山峰,新北市,瑞芳/貢寮區,121.53461,25.0946021
鄭成功廟山,新北市,瑞芳/貢寮區,121.5576173,25.0961139
未命名山峰,新北市,瑞芳/貢寮區,121.557814,25.0971502
貴子坑山北峰,新北市,瑞芳/貢寮區,121.492948,25.155181
牛皮烘山,新北市,瑞芳/貢寮區,121.5803447,24.900874
大棚山,嘉義縣,阿里山鄉,120.6138321,23.8321305
南面山西峰,臺東縣,海端鄉,120.8501497,23.3376735
牛牯嶺,嘉義縣,阿里山鄉,120.6609475,23.8825144
光崙山南峰,高雄市,桃源區,120.6882859,23.490681
紅毛山,桃園市,復興區,120.9827122,24.5356578
礁水坑山,新北市,瑞芳/貢寮區,121.81861,24.8953342
倒吊蓮山,新北市,瑞芳/貢寮區,121.6916951,24.9104578
見晴山,花蓮縣,秀林鄉,121.4373015,23.7882913
倒交山,嘉義縣,阿里山鄉,120.6679465,23.5667196
芝山岩,新北市,瑞芳/貢寮區,121.5303161,25.1036952
內打林山,新北市,瑞芳/貢寮區,121.8849841,24.9742907
未命名山峰,高雄市,桃源區,120.5844733,23.4736917
多加神山,南投縣,仁愛鄉,121.4059875,24.4198117
中心崙山,新北市,瑞芳/貢寮區,121.7888544,24.9465235
魔葉名病山,南投縣,仁愛鄉,121.4320967,24.4083047
手比倫山,臺中市,和平區,121.1330409,24.1248813
外大溪山,新北市,瑞芳/貢寮區,121.871149,24.9434747
斷岩山,南投縣,仁愛鄉,121.3748954,24.4102354
無雙山中峰,花蓮縣,秀林鄉,121.057836,23.5916933
瓊仔湖山北峰,新北市,瑞芳/貢寮區,121.4230806,25.0570308
未命名山峰,新北市,瑞芳/貢寮區,121.5632181,25.1361461
未命名山峰,新北市,瑞芳/貢寮區,121.562226,25.1322541
未命名山峰,新北市,瑞芳/貢寮區,121.6042251,25.1763271
未命名山峰,新北市,瑞芳/貢寮區,121.624987,25.1613352
未命名山峰,新北市,瑞芳/貢寮區,121.483493,25.2567711
未命名山峰,新北市,瑞芳/貢寮區,121.629608,25.1870171
未命名山峰,新北市,瑞芳/貢寮區,121.620507,25.1835611
未命名山峰,新北市,瑞芳/貢寮區,121.5746561,25.2449201
未命名山峰,新北市,瑞芳/貢寮區,121.57372,25.247364
未命名山峰,新北市,瑞芳/貢寮區,121.603378,25.2365911
未命名山峰,新北市,瑞芳/貢寮區,121.6153981,25.2726141
未命名山峰,新北市,瑞芳/貢寮區,121.6578345,25.0576132
未命名山峰,新北市,瑞芳/貢寮區,121.6711011,25.0735491
未命名山峰,新北市,瑞芳/貢寮區,121.7489879,25.0552852
未命名山峰,新北市,瑞芳/貢寮區,121.8165,25.0588351
未命名山峰,新北市,瑞芳/貢寮區,121.6559911,25.0827801
未命名山峰,新北市,瑞芳/貢寮區,121.7208619,25.0786721
未命名山峰,新北市,瑞芳/貢寮區,121.703282,25.1097021
未命名山峰,新北市,瑞芳/貢寮區,121.7310003,25.1245236
未命名山峰,新北市,瑞芳/貢寮區,121.7349657,25.1206108
未命名山峰,新北市,瑞芳/貢寮區,121.639871,25.1460761
未命名山峰,新北市,瑞芳/貢寮區,121.6434279,25.1455104
未命名山峰,新北市,瑞芳/貢寮區,121.695639,25.1387661
未命名山峰,新北市,瑞芳/貢寮區,121.6957251,25.1370131
未命名山峰,新北市,瑞芳/貢寮區,121.718926,25.1613152
未命名山峰,新北市,瑞芳/貢寮區,121.7576169,25.1108741
未命名山峰,新北市,瑞芳/貢寮區,121.7699229,25.1151731
未命名山峰,新北市,瑞芳/貢寮區,121.7704011,25.116223
牛港稜山基點,新北市,瑞芳/貢寮區,121.4151093,25.1305117
未命名山峰,新北市,瑞芳/貢寮區,121.840282,25.1022851
未命名山峰,新北市,瑞芳/貢寮區,121.797253,25.1072241
未命名山峰,新北市,瑞芳/貢寮區,121.8124757,25.1187107
未命名山峰,新北市,瑞芳/貢寮區,121.869077,25.0791901
國福山,南投縣,仁愛鄉,121.5722836,24.0134798
松羅山東南峰,宜蘭縣,大同鄉,121.56616,24.6542809
頂城山,花蓮縣,秀林鄉,120.9654797,23.8698285
久久巢山西峰,花蓮縣,秀林鄉,121.0285454,23.8850398
外茄苳腳山,南投縣,仁愛鄉,121.5725788,24.0072179
東橫屏山,花蓮縣,秀林鄉,121.0464868,23.9484253
小馬武窟山,臺東縣,海端鄉,121.3131765,23.0066904
知矢漢山,花蓮縣,秀林鄉,121.4986015,23.765953
長寮尾山,花蓮縣,秀林鄉,120.954162,23.9057284
大保克山西峰,新北市,瑞芳/貢寮區,121.5366441,24.8282609
古呂社山,南投縣,仁愛鄉,121.6250497,24.1328737
安通越山西峰,臺東縣,海端鄉,121.3541503,23.2598874
長寮山,花蓮縣,秀林鄉,120.9542234,23.8834147
梅峰北峰,臺中市,和平區,121.1746426,24.1054188
志佳陽大山,南投縣,仁愛鄉,121.2481508,24.359968
火炎山,苗栗縣,泰安鄉,120.7309748,24.3773236
石笋公,新北市,瑞芳/貢寮區,121.868441,25.0714383
石笋媽,新北市,瑞芳/貢寮區,121.8680736,25.071261
咖啡山,高雄市,桃源區,120.5152163,23.2636835
石盤坑,花蓮縣,秀林鄉,121.0100293,23.9595721
枇杷城山,花蓮縣,秀林鄉,120.9913988,23.9551493
枇杷城,花蓮縣,秀林鄉,120.9925889,23.9548044
大石公山,高雄市,桃源區,120.4579157,23.0410354
吧支微山,臺東縣,海端鄉,121.3604015,23.2711441
嘰咔拉袋山,臺東縣,海端鄉,121.3893359,23.2617433
未命名山峰,屏東縣,霧台鄉,121.6123297,21.9530341
未命名山峰,屏東縣,霧台鄉,121.6119482,21.9471343
未命名山峰,屏東縣,霧台鄉,121.6081099,21.9466368
未命名山峰,屏東縣,霧台鄉,121.6120729,21.9488111
大哭腳,桃園市,復興區,120.9522173,24.7643188
芉蓁坑山,新北市,瑞芳/貢寮區,121.8609039,24.9711609
桐林山,臺東縣,海端鄉,121.2813369,23.308902
山車廣山,新北市,烏來區,121.4840443,24.7673727
阿多蘭山,花蓮縣,秀林鄉,121.3740662,23.5489238
火燒寮山,新北市,瑞芳/貢寮區,121.4543981,24.849664
東烏漏山,花蓮縣,秀林鄉,121.3916156,23.5287575
新寮山,高雄市,桃源區,120.5358119,23.158947
柑子頭山,南投縣,仁愛鄉,121.7509803,24.4842096
外紅龜面山,新北市,瑞芳/貢寮區,121.427704,24.8715932
扎孔山,宜蘭縣,大同鄉,121.5146779,24.768735
美瓏山西峰,臺東縣,海端鄉,120.7328697,23.1212782
盆賀里山西峰,屏東縣,霧台鄉,120.6456448,22.4830791
頭社山,花蓮縣,秀林鄉,120.9100831,23.8310446
斗內子,花蓮縣,秀林鄉,120.9140019,23.8702481
貓蘭山東南峰,花蓮縣,秀林鄉,120.9106222,23.8792816
龜鑑山,臺東縣,海端鄉,121.2236904,23.1716082
未命名山峰,臺東縣,海端鄉,121.3590132,23.2493704
金平山西峰,新北市,淡水/三芝區,121.3701695,24.836203
未命名山峰,新北市,瑞芳/貢寮區,121.5648184,25.1598989
上種瓜坑,花蓮縣,秀林鄉,120.8963751,23.9489858
碼頭山,新北市,淡水/三芝區,119.4528744,24.9884083
下仙洞坪,嘉義縣,阿里山鄉,120.7938108,23.9049826
大湳頂山,花蓮縣,秀林鄉,120.8236463,23.8983798
東勢閣,嘉義縣,阿里山鄉,120.7654028,23.8934919
車坪崙北,花蓮縣,秀林鄉,120.8540745,23.8908251
東過坑山南峰,花蓮縣,秀林鄉,121.0033508,23.8855012
未命名山峰,桃園市,復興區,121.0741817,24.575267
瑪陵尖東南峰,新北市,瑞芳/貢寮區,121.7025033,25.106962
萬壽山,新北市,瑞芳/貢寮區,121.7149972,25.1061629
未命名山峰,高雄市,桃源區,120.5441063,22.9692012
望鄉谷山,嘉義縣,阿里山鄉,120.7316069,23.5956703
婆豬古山,屏東縣,霧台鄉,120.8168521,22.2079876
五坑山西北峰,新北市,瑞芳/貢寮區,121.7903539,25.1314495
多加神山北峰,南投縣,仁愛鄉,121.4075768,24.4409172
塚呂馬布山西北峰,南投縣,仁愛鄉,121.4261566,24.4668837
玉桂嶺山,新北市,瑞芳/貢寮區,121.7268945,24.9995078
展望峰,新北市,瑞芳/貢寮區,121.6997059,25.0454107
柑坪山北峰,新北市,淡水/三芝區,121.2733575,24.8094989
未命名山峰,臺東縣,海端鄉,120.8803073,23.2658378
未命名山峰,高雄市,桃源區,120.4852085,22.9786721
大埔山,高雄市,桃源區,120.497686,22.9332714
牛山,花蓮縣,秀林鄉,121.5602605,23.7503103
未命名山峰,新北市,瑞芳/貢寮區,121.5474739,25.167357
南子吝山東南峰,新北市,瑞芳/貢寮區,121.8849828,25.1175026
蓬萊仙島山東北,新北市,淡水/三芝區,121.2518767,24.8081099
深坑,花蓮縣,秀林鄉,120.8555998,23.8549386
門牌潭,花蓮縣,秀林鄉,120.8661972,23.8555741
坂邊山,南投縣,仁愛鄉,121.3623605,24.0238174
烏帽子山東,花蓮縣,秀林鄉,121.4671366,23.9791364
巴杜蘭山,南投縣,仁愛鄉,121.4209404,24.0482049
五崙尾,嘉義縣,阿里山鄉,120.786689,23.7449404
頂城,嘉義縣,阿里山鄉,120.7822559,23.7356357
班甲山東南,臺東縣,海端鄉,121.1672528,23.260328
巴瓦薩庫,臺東縣,海端鄉,121.1686959,23.2496062
清水社山,臺東縣,海端鄉,121.2330401,23.2668179
上古楓山,臺東縣,海端鄉,121.2703804,23.2488016
安通,臺東縣,海端鄉,121.3486538,23.2905424
吳再溪山,臺東縣,海端鄉,121.3489852,23.2504178
東寧山,臺東縣,海端鄉,121.2972377,23.2405663
苳苳園西山北,臺東縣,海端鄉,121.2103285,23.2616122
初音山西北,花蓮縣,秀林鄉,121.5198241,23.9790497
長橋,花蓮縣,秀林鄉,121.4322995,23.7009647
中興西,臺東縣,海端鄉,121.2910902,23.3871478
吉田橋,臺東縣,海端鄉,121.3089606,22.9818537
牛稠尾山東南峰,新北市,瑞芳/貢寮區,121.6159755,25.0919742
翠湖東南,新北市,瑞芳/貢寮區,121.6330544,25.0852626
白石湖山東,新北市,瑞芳/貢寮區,121.6026959,25.1082477
濕水子山,新北市,瑞芳/貢寮區,121.6065992,25.0252308
山寮,嘉義縣,阿里山鄉,120.676994,23.6340522
未命名山峰,桃園市,復興區,121.1986969,24.5820945
三星山西南峰,南投縣,仁愛鄉,121.5477317,24.4966425
未命名山峰,花蓮縣,秀林鄉,120.8676794,23.7847852
羅娜山,花蓮縣,秀林鄉,120.8575682,23.6061709
崙子山(朧眼湖山),新北市,瑞芳/貢寮區,121.4528562,24.9650886
老社寮山最高峰,桃園市,復興區,121.1858238,24.7625558
伊斯基安那山,臺東縣,海端鄉,120.823142,23.4435409
後大埔山,臺東縣,海端鄉,120.8256405,23.4952207
青山坪山,嘉義縣,阿里山鄉,120.6838194,23.5921502
亞杉坪山,花蓮縣,秀林鄉,120.8476778,23.5948132
對眼山,花蓮縣,秀林鄉,120.9716044,23.5576031
觀高山,花蓮縣,秀林鄉,120.9974589,23.5087809
青草山,桃園市,復興區,120.8720174,24.7145264
迴龍尖,新北市,淡水/三芝區,121.3911626,25.0119595
西巴沙灣山,花蓮縣,秀林鄉,121.3076918,23.95903
未命名山峰,新北市,淡水/三芝區,121.3109262,24.8555635
三層山南峰,新北市,淡水/三芝區,121.3064265,24.8581389
三層山北峰,新北市,淡水/三芝區,121.3112564,24.8660584
馬福山最高峰,桃園市,復興區,121.1862387,24.7392269
未命名山峰,屏東縣,霧台鄉,120.626345,22.3452731
未命名山峰,臺中市,和平區,120.9449441,24.0496881
大坪山,花蓮縣,秀林鄉,120.8248116,23.8307343
長石巷山,花蓮縣,秀林鄉,120.8431196,23.9517922
昌榮巷山,花蓮縣,秀林鄉,120.8476836,23.9935712
深坑子山,苗栗縣,泰安鄉,120.8609585,24.0184639
炭坑子北峰,苗栗縣,泰安鄉,120.8757188,24.0308677
倒塌湖山,苗栗縣,泰安鄉,120.8845638,24.0815316
石厝坑山西峰,新北市,淡水/三芝區,121.3107282,24.8565127
牛角湳山西南峰,新北市,淡水/三芝區,121.2937031,24.8316582
金山面山西峰,新北市,淡水/三芝區,121.322233,24.8712949
七分寮,高雄市,桃源區,120.5812345,23.379957
唐麻丹山北,臺中市,和平區,120.9711014,24.167755
白毛山北峰,臺中市,和平區,120.9235194,24.1675309
白狗,臺中市,和平區,121.1685561,24.121831
未命名山峰,苗栗縣,泰安鄉,120.7201254,24.2456661
咸菜硼,新北市,淡水/三芝區,121.1834777,24.8013773
水源西山,南投縣,仁愛鄉,121.5330032,24.0020545
初音山西南,花蓮縣,秀林鄉,121.5194184,23.9557579
西東澳山,宜蘭縣,大同鄉,121.8084727,24.5300958
西帽山東南峰,宜蘭縣,大同鄉,121.8210968,24.5363799
未命名山峰,新北市,瑞芳/貢寮區,121.5827637,25.0330948
五分埔山,新北市,瑞芳/貢寮區,121.5821052,25.0356435
未命名山峰,新北市,瑞芳/貢寮區,121.5801231,25.0298419
天頓山 (基點峰),桃園市,復興區,121.1576657,24.5306999
蛇仔形山,新北市,瑞芳/貢寮區,121.6190805,25.0370298
油羅山北峰,桃園市,復興區,121.1934439,24.6593591
未命名山峰,花蓮縣,秀林鄉,120.8691841,23.5873677
下水堀山,屏東縣,霧台鄉,120.6918992,22.024242
未命名山峰,新北市,淡水/三芝區,121.3742042,24.8257815
未命名山峰,新北市,烏來區,121.3528796,24.7880519
梅子崎,臺中市,和平區,120.9434584,24.0530654
公田,嘉義縣,阿里山鄉,120.7127039,23.5417513
未命名山峰,臺中市,和平區,120.9439031,24.0533284
大尖山南峰,花蓮縣,秀林鄉,120.9926636,23.8408576
松柏崙山,花蓮縣,秀林鄉,120.8761168,23.834679
紅毛埤山,高雄市,桃源區,120.4919421,23.4799739
梨子腳山,嘉義縣,阿里山鄉,120.6080988,23.567183
東水山西峰,臺東縣,海端鄉,120.8216216,23.4713027
未命名山峰,新北市,瑞芳/貢寮區,121.580575,24.9904724
未命名山峰,新北市,瑞芳/貢寮區,121.5834359,24.9908662
未命名山峰,新北市,烏來區,121.3380715,24.7733748
牛角山北峰,新北市,烏來區,121.3498444,24.7878628
凱達格蘭山,新北市,瑞芳/貢寮區,121.6200122,25.1089709
未命名山峰,苗栗縣,泰安鄉,120.7374486,24.387467
未命名山峰,苗栗縣,泰安鄉,120.7346904,24.3845327
蛇仔形,屏東縣,霧台鄉,120.3762788,22.6886801
未命名山峰,新北市,瑞芳/貢寮區,121.7439913,24.9402886
未命名山峰,新北市,瑞芳/貢寮區,121.6134472,25.0744702
未命名山峰,新北市,瑞芳/貢寮區,121.6138257,25.073001
未命名山峰,新北市,瑞芳/貢寮區,121.6140208,25.0720022
八八峰,新北市,瑞芳/貢寮區,121.8056752,24.8987498
板仔龍山,高雄市,桃源區,120.6476231,23.4587143
恒光山,新北市,瑞芳/貢寮區,121.5643889,24.9779489
未命名山峰,高雄市,桃源區,120.5551303,22.9565496
榕樹崗,桃園市,復興區,120.9774094,24.7514602
頂中嵙山,苗栗縣,泰安鄉,120.8477325,24.2626033
蓮花池山西峰,花蓮縣,秀林鄉,120.8732491,23.9089905
臼卡拉布亞恩山,屏東縣,霧台鄉,120.6584738,22.4263139
望海嶺,屏東縣,霧台鄉,120.7389471,21.9218898
大貓嶺,屏東縣,霧台鄉,120.7385394,21.9214621
未命名山峰,新北市,瑞芳/貢寮區,121.9752724,25.0005912
七星岡,苗栗縣,泰安鄉,120.7443887,24.284138
未命名山峰,苗栗縣,泰安鄉,120.7432356,24.2850429
未命名山峰,苗栗縣,泰安鄉,120.740886,24.2858399
未命名山峰,苗栗縣,泰安鄉,120.7386598,24.2853839
未命名山峰,苗栗縣,泰安鄉,120.7371926,24.2849341
未命名山峰,苗栗縣,泰安鄉,120.7461955,24.2878942
瑪鋉山東北峰,新北市,瑞芳/貢寮區,121.7023663,25.173517
神桌山東峰,桃園市,復興區,120.9841865,24.583243
旺高嶺,屏東縣,霧台鄉,120.3777309,22.7252894
動物園後山,新北市,瑞芳/貢寮區,121.5854366,24.9983428
久采崙,高雄市,桃源區,120.4917008,22.9920203
石坑山,桃園市,復興區,121.0045722,24.58311
蓬萊山,桃園市,復興區,120.9910511,24.54449
福德坑山北峰,新北市,瑞芳/貢寮區,121.58764,25.0113938
貴子坑山西峰,新北市,瑞芳/貢寮區,121.4879295,25.1534498
未命名山峰,苗栗縣,泰安鄉,120.7447243,24.0791647
大湖山,苗栗縣,泰安鄉,120.7726596,24.0634552
未命名山峰,苗栗縣,泰安鄉,120.7462558,24.0730352
三角嶺卡,花蓮縣,秀林鄉,120.8625449,23.9032249
蓬萊山西峰,桃園市,復興區,120.9870317,24.5435173
金交椅山東北峰,新北市,瑞芳/貢寮區,121.7567069,25.1261549
未命名山峰,新北市,淡水/三芝區,121.3060892,24.8441849
未命名山峰,屏東縣,霧台鄉,120.7917042,22.7533634
未命名山峰,屏東縣,霧台鄉,120.7721369,22.7872445
未命名山峰,屏東縣,霧台鄉,120.7807702,22.7764049
神桌山東南峰,桃園市,復興區,120.9774637,24.581241
金字凍山,苗栗縣,泰安鄉,120.8256101,24.1039129
向天湖山東北,桃園市,復興區,121.0320986,24.570731
水沖礦山西峰,花蓮縣,秀林鄉,120.8492174,23.8912736
水沖礦山西北峰,花蓮縣,秀林鄉,120.8501964,23.8930571
水沖礦山,花蓮縣,秀林鄉,120.8532704,23.8915209
未命名山峰,桃園市,復興區,121.0253283,24.6045275
1054峰,新北市,瑞芳/貢寮區,121.5368609,25.1870349
未命名山峰,屏東縣,霧台鄉,120.8772931,22.5097812
未命名山峰,屏東縣,霧台鄉,120.8141237,22.3509465
大水堀山,新北市,瑞芳/貢寮區,121.7630593,25.1225926
坪林坑山,苗栗縣,泰安鄉,120.8739634,24.3232529
內彎小格,新北市,瑞芳/貢寮區,121.5771204,24.9921838
長命山東峰,新北市,瑞芳/貢寮區,121.7648509,25.1229197
叢雲山北峰,新北市,瑞芳/貢寮區,121.85386,24.9278516
猴山岳北峰,新北市,瑞芳/貢寮區,121.6001075,24.9794189
磺溪山,新北市,瑞芳/貢寮區,121.5247656,25.1367638
磺溪山北峰,新北市,瑞芳/貢寮區,121.5253732,25.1412492
未命名山峰,高雄市,桃源區,120.5105486,23.0596853
未命名山峰,新北市,瑞芳/貢寮區,121.8477854,25.0105763
天狗鼻山,臺中市,和平區,120.9845045,24.3842366
石坑山西南峰,桃園市,復興區,121.0071962,24.581655
大山母山,苗栗縣,泰安鄉,120.7354536,24.1880771
未命名山峰,新北市,瑞芳/貢寮區,121.5761769,25.0206124
大屯山前峰,新北市,瑞芳/貢寮區,121.5244122,25.1725313
未命名山峰,新北市,淡水/三芝區,121.3010445,24.95351
未命名山峰,新北市,瑞芳/貢寮區,121.5726699,25.0204933
未命名山峰,新北市,瑞芳/貢寮區,121.5564385,24.9973315
未命名山峰,高雄市,桃源區,120.4865295,22.9760694
五峰旗山東南峰,新北市,瑞芳/貢寮區,121.7590519,24.8413396
紅仙水山,花蓮縣,秀林鄉,120.9747271,23.93038
虎頭山,嘉義縣,阿里山鄉,119.6537034,23.6079513
未命名山峰,新北市,瑞芳/貢寮區,121.6728504,25.1938136
未命名山峰,高雄市,桃源區,120.457819,22.902674
未命名山峰,新北市,瑞芳/貢寮區,121.629001,24.9290768
七股山北峰,新北市,瑞芳/貢寮區,121.5704745,25.1795562
未命名山峰,新北市,瑞芳/貢寮區,121.5704909,25.1810047
未命名山峰,新北市,瑞芳/貢寮區,121.5719638,25.1832855
未命名山峰,新北市,瑞芳/貢寮區,121.5720288,25.1822147
未命名山峰,高雄市,桃源區,120.4875467,23.2149888
未命名山峰,高雄市,桃源區,120.4906587,23.2130075
崙頂,高雄市,桃源區,120.6166486,23.2816609
頂楓港,屏東縣,霧台鄉,120.6908797,22.2139416
牡丹心山,新北市,瑞芳/貢寮區,121.4042943,25.0322686
未命名山峰,屏東縣,霧台鄉,120.6566808,22.6753411
枕頭山東峰,新北市,淡水/三芝區,121.3434589,24.8128862
角板山,新北市,淡水/三芝區,121.3461871,24.8145226
未命名山峰,宜蘭縣,大同鄉,121.7899449,24.5073269
未命名山峰,高雄市,桃源區,120.6148087,23.1593549
未命名山峰,南投縣,仁愛鄉,121.7681453,24.4318646
未命名山峰,南投縣,仁愛鄉,121.7792623,24.4141495
未命名山峰,南投縣,仁愛鄉,121.7941359,24.4293945
未命名山峰,南投縣,仁愛鄉,121.7909051,24.4393395
未命名山峰,南投縣,仁愛鄉,121.7826895,24.449855
眉溪山北峰,臺中市,和平區,121.1263847,24.043817
山豬窟尖西北峰,新北市,瑞芳/貢寮區,121.6292363,25.0280124
新光麗山,新北市,瑞芳/貢寮區,121.6121554,25.0312958
濕水子山北峰,新北市,瑞芳/貢寮區,121.6052158,25.0269
未命名山峰,新北市,淡水/三芝區,121.3298978,25.0009689
逐鹿山西峰,新北市,瑞芳/貢寮區,121.4730618,24.8340241
逐鹿山南峰,新北市,瑞芳/貢寮區,121.4835218,24.8301535
福興山西南峰,臺中市,和平區,120.9854946,24.0217084
茸坑山,臺中市,和平區,120.9815562,24.0296809
尖山亭,屏東縣,霧台鄉,120.3773002,22.7306983
未命名山峰,臺東縣,海端鄉,121.0804503,23.1496685
樹藤岩,花蓮縣,秀林鄉,120.8097524,23.9807374
未命名山峰,花蓮縣,秀林鄉,120.8202727,23.5143169
未命名山峰,花蓮縣,秀林鄉,120.8208957,23.5209653
未命名山峰,臺東縣,海端鄉,120.8387565,23.4713729
1155峰,屏東縣,霧台鄉,120.6704463,22.676786
網調口山,臺東縣,海端鄉,121.2177223,23.1528792
未命名山峰,新北市,瑞芳/貢寮區,121.4641464,24.8702427
姊原山,花蓮縣,秀林鄉,121.0802922,23.9565165
410峰,新北市,瑞芳/貢寮區,121.6811823,24.9891476
紅柴林山,宜蘭縣,大同鄉,121.6319358,24.7153263
司馬限禱告山,臺中市,和平區,120.9366883,24.4082844
槌仔寮山西南峰,花蓮縣,秀林鄉,120.9024584,23.901576
菜堂山,桃園市,復興區,121.0473059,24.7532481
刺竹澳山,宜蘭縣,大同鄉,121.6884365,24.6238643
蟻崗山,高雄市,桃源區,120.356584,22.9289164
未命名山峰,新北市,瑞芳/貢寮區,121.6095446,25.0923455
大湖山東南峰,新北市,瑞芳/貢寮區,121.6095496,25.0884854
三層坪山,新北市,瑞芳/貢寮區,121.4538232,24.9100944
雙港子山西峰,新北市,瑞芳/貢寮區,121.4574938,24.9020013
橫山,屏東縣,霧台鄉,120.385163,22.7306365
未命名山峰,高雄市,桃源區,120.6141892,23.399363
未命名山峰,嘉義縣,阿里山鄉,120.6188304,23.5436377
未命名山峰,嘉義縣,阿里山鄉,120.6200565,23.5414194
未命名山峰,嘉義縣,阿里山鄉,120.6205615,23.5402133
未命名山峰,嘉義縣,阿里山鄉,120.6214909,23.5438378
湖底東山,嘉義縣,阿里山鄉,120.5655386,23.5414704
西白米甕山,宜蘭縣,大同鄉,121.834389,24.5835487
白米甕山,宜蘭縣,大同鄉,121.8415641,24.5796754
未命名山峰,新北市,淡水/三芝區,121.3272419,25.0065304
未命名山峰,花蓮縣,秀林鄉,121.4004844,23.6680413
登山口,新北市,淡水/三芝區,121.2377558,24.8188507
未命名山峰,宜蘭縣,大同鄉,121.8579067,24.5683049
未命名山峰,嘉義縣,阿里山鄉,120.5880551,23.5415147
未命名山峰,嘉義縣,阿里山鄉,120.590339,23.544434
第十六洞起點,屏東縣,霧台鄉,120.3336321,22.6651422
未命名山峰,臺中市,和平區,120.922666,24.0399949
溪尾坪山,新北市,淡水/三芝區,121.2966954,24.8188961
頭寮山西南峰,新北市,淡水/三芝區,121.2960327,24.834118
牛角湳山,新北市,淡水/三芝區,121.2947292,24.8336758
未命名山峰,嘉義縣,阿里山鄉,120.6309919,23.8442724
北鳳凰山,花蓮縣,秀林鄉,120.8028046,23.7011574
蕃社坑山北峰,宜蘭縣,大同鄉,121.6816681,24.5789204
新富山,桃園市,復興區,121.1858795,24.7555335
劉家界山,桃園市,復興區,121.1920513,24.7656975
金山西峰,新北市,烏來區,121.2192688,24.7634061
未命名山峰,南投縣,仁愛鄉,121.7594314,24.3285802
未命名山峰,南投縣,仁愛鄉,121.7573004,24.3265505
流民窩山,桃園市,復興區,121.1150416,24.792299
未命名山峰,花蓮縣,秀林鄉,120.9780644,23.7851497
毬子山,桃園市,復興區,121.1223451,24.6850259
金子山,花蓮縣,秀林鄉,120.9530508,23.6724681
慈湖山,新北市,淡水/三芝區,121.3030231,24.8402733
三民,臺東縣,海端鄉,121.351765,23.436441
寶山水庫中西峰,桃園市,復興區,121.0477169,24.7458942
寶山水庫西峰,桃園市,復興區,121.04366,24.7446853
寶山水庫西北峰,桃園市,復興區,121.0443533,24.745888
寶山水庫中峰,桃園市,復興區,121.0495803,24.7458609
烏石坑口山,臺中市,和平區,120.9278702,24.3014261
紙坑山,新北市,瑞芳/貢寮區,121.8081032,25.024944
未命名山峰,苗栗縣,泰安鄉,120.8728205,24.1603727
未命名山峰,臺東縣,海端鄉,121.0445885,22.9548492
登能不山,臺東縣,海端鄉,121.0419687,22.9541453
阿蘭山,臺東縣,海端鄉,121.0468995,22.9883432
未命名山峰,高雄市,桃源區,120.5929568,23.2397885
竹子門山,高雄市,桃源區,120.5978554,22.8699766
女王頭,南投縣,仁愛鄉,121.4389957,24.3576791
挖嘎奈大折立,南投縣,仁愛鄉,121.4382918,24.3554181
將達魯姆,南投縣,仁愛鄉,121.437198,24.3537047
門衛,南投縣,仁愛鄉,121.4366816,24.3530086
引路人,南投縣,仁愛鄉,121.4361396,24.351459
王冠峰,南投縣,仁愛鄉,121.4357976,24.3508342
巴比倫塔,南投縣,仁愛鄉,121.4358209,24.3503057
后宮之主,南投縣,仁愛鄉,121.4363888,24.350854
裏劍山;裏剣山,臺中市,和平區,121.1690522,24.2940521
南湖大山中峰,南投縣,仁愛鄉,121.444964,24.364404
ピラミッド,南投縣,仁愛鄉,121.4379074,24.3540414
南湖中島山,南投縣,仁愛鄉,121.444743,24.3657307
門馬羅山呆風草原,屏東縣,霧台鄉,120.7975996,21.9944086
員山,宜蘭縣,大同鄉,121.7200748,24.7452861
クラウンIII,南投縣,仁愛鄉,121.4357539,24.3510204
未命名山峰,南投縣,仁愛鄉,121.4348472,24.3485915
濁水山西峰,南投縣,仁愛鄉,121.7447286,24.3475019
未命名山峰,屏東縣,霧台鄉,120.671276,22.5986118
未命名山峰,屏東縣,霧台鄉,120.6677583,22.5977662
未命名山峰,新北市,瑞芳/貢寮區,121.7734272,24.9749397
大師岩,新北市,瑞芳/貢寮區,121.5097334,25.1340774
金興尖,新北市,瑞芳/貢寮區,121.5800151,25.0201566
未命名山峰,花蓮縣,秀林鄉,120.8522567,23.8301088
中坑山,新北市,瑞芳/貢寮區,121.4870289,24.9910904
中坑山東北峰,新北市,瑞芳/貢寮區,121.4884552,24.9923382
大南澳山,宜蘭縣,大同鄉,121.6943824,24.5772872
虎山,新北市,淡水/三芝區,121.3625116,25.0899173
打鐵潭嶺,新北市,淡水/三芝區,121.3592,25.0859311
未命名山峰,新北市,瑞芳/貢寮區,121.6214204,25.0315054
未命名山峰,新北市,瑞芳/貢寮區,121.6208765,25.0334819
司馬限山東南峰,臺中市,和平區,120.9571783,24.3988064
未命名山峰,屏東縣,霧台鄉,120.7184071,22.1436104
四分里山東峰,新北市,瑞芳/貢寮區,121.6008539,25.0354467
四分里山東南峰,新北市,瑞芳/貢寮區,121.6035756,25.0323069
未命名山峰,花蓮縣,秀林鄉,120.8103566,23.799847
未命名山峰,花蓮縣,秀林鄉,120.8148882,23.7985708
未命名山峰,花蓮縣,秀林鄉,120.8157679,23.8014397
隆隆山主峰,新北市,瑞芳/貢寮區,121.9753941,25.0028074
隆隆山北峰,新北市,瑞芳/貢寮區,121.9755293,25.0050964
未命名山峰,臺中市,和平區,121.028628,24.1228293
未命名山峰,臺中市,和平區,121.0347086,24.1510355
未命名山峰,臺中市,和平區,121.0289754,24.1250925
未命名山峰,臺東縣,海端鄉,120.792658,23.3064375
未命名山峰,臺東縣,海端鄉,120.7857285,23.3012237
未命名山峰,臺東縣,海端鄉,120.7813109,23.3090492
水尾潭山西北峰,新北市,瑞芳/貢寮區,121.6164214,25.1025627
牛稠尾山西峰,新北市,瑞芳/貢寮區,121.6042268,25.0957921
內溝山南峰,新北市,瑞芳/貢寮區,121.6275083,25.0841292
青山岩,新北市,瑞芳/貢寮區,121.6123103,25.0891808
未命名山峰,新北市,瑞芳/貢寮區,121.6245699,25.086106
康樂山北峰,新北市,瑞芳/貢寮區,121.609618,25.0840569
未命名山峰,新北市,瑞芳/貢寮區,121.6161982,25.0729889
未命名山峰,新北市,瑞芳/貢寮區,121.61594,25.0748996
尖山,高雄市,桃源區,120.5932517,23.1301217
未命名山峰,高雄市,桃源區,120.5904248,23.1271788
上四社寮山,高雄市,桃源區,120.5810366,23.1045408
公館山,新北市,瑞芳/貢寮區,121.5827651,25.0731807
獅頭山,新北市,瑞芳/貢寮區,121.5861969,25.0800711
未命名山峰,新北市,瑞芳/貢寮區,121.5164609,25.156297
未命名山峰,臺中市,和平區,120.9058365,24.46463
媽嘮喇山,屏東縣,霧台鄉,120.7430722,22.3669824
未命名山峰,新北市,瑞芳/貢寮區,121.9229329,25.0553843
未命名山峰,新北市,瑞芳/貢寮區,121.9215743,25.0556892
未命名山峰,苗栗縣,泰安鄉,120.7697654,24.3764661
未命名山峰,苗栗縣,泰安鄉,120.7733488,24.3802669
未命名山峰,花蓮縣,秀林鄉,121.443602,23.9140186
未命名山峰,花蓮縣,秀林鄉,121.4703785,23.9254271
未命名山峰,屏東縣,霧台鄉,120.9064186,22.7433959
未命名山峰,屏東縣,霧台鄉,120.8968551,22.7412475
未命名山峰,新北市,瑞芳/貢寮區,121.6095047,25.0061914
大丘園,高雄市,桃源區,120.5598087,23.0634803
大石閣,新北市,瑞芳/貢寮區,121.5380254,25.1038404
馬斗欄山,高雄市,桃源區,120.4292627,23.2001353
金瓜寮山,高雄市,桃源區,120.5353301,23.0178764
武潭,屏東縣,霧台鄉,120.6289746,22.569142
社頂,屏東縣,霧台鄉,120.8192372,21.9527793
埔頂,高雄市,桃源區,120.5819508,23.3132763
埔姜林山,高雄市,桃源區,120.5033908,22.9515129
民權山,高雄市,桃源區,120.6891922,23.2331083
隘寮,屏東縣,霧台鄉,120.5988259,22.720427
山仔腳山,高雄市,桃源區,120.3902713,23.2672234
加西平,臺東縣,海端鄉,121.1172054,22.9957468
石子崎,高雄市,桃源區,120.3779501,23.0825994
杉林南,高雄市,桃源區,120.5438039,22.9897924
未命名山峰,臺東縣,海端鄉,121.3145502,23.2346387
未命名山峰,臺東縣,海端鄉,121.3187338,23.2244345
未命名山峰,臺東縣,海端鄉,121.3178051,23.2262117
未命名山峰,臺東縣,海端鄉,121.3157907,23.2243039
大崙尾山西峰,新北市,瑞芳/貢寮區,121.5658289,25.103132
未命名山峰,新北市,瑞芳/貢寮區,121.8468882,25.0108621
登知來,臺東縣,海端鄉,120.7631792,22.9748705
未命名山峰,臺中市,和平區,120.9453522,24.0910629
未命名山峰,苗栗縣,泰安鄉,120.7232894,24.0589684
未命名山峰,苗栗縣,泰安鄉,120.7124171,24.0665723
未命名山峰,苗栗縣,泰安鄉,120.7111403,24.066658
未命名山峰,苗栗縣,泰安鄉,120.7241933,24.0614561
未命名山峰,新北市,瑞芳/貢寮區,121.8553385,25.122133
未命名山峰,新北市,瑞芳/貢寮區,121.8528662,25.1198417
鯉魚山,屏東縣,霧台鄉,121.1444189,22.7534636
未命名山峰,新北市,瑞芳/貢寮區,121.7616156,25.0782054
梅花山南峰,新北市,瑞芳/貢寮區,121.6013892,25.1246193
印斗山,苗栗縣,泰安鄉,120.6740458,24.4354449
未命名山峰,新北市,瑞芳/貢寮區,121.7393491,25.0162678
未命名山峰,新北市,瑞芳/貢寮區,121.7368794,25.0169283
未命名山峰,新北市,瑞芳/貢寮區,121.7359065,25.0189524
七坑山,新北市,瑞芳/貢寮區,121.7874438,25.0999364
未命名山峰,新北市,瑞芳/貢寮區,121.4904562,24.9480905
未命名山峰,新北市,瑞芳/貢寮區,121.55862,25.0156732
未命名山峰,高雄市,桃源區,120.4622018,22.8560176
未命名山峰,南投縣,仁愛鄉,121.2254492,24.2701418
未命名山峰,新北市,瑞芳/貢寮區,121.5580606,25.0020001
未命名山峰,新北市,瑞芳/貢寮區,121.9202829,25.1262138
未命名山峰,新北市,瑞芳/貢寮區,121.9195117,25.1267616
未命名山峰,新北市,瑞芳/貢寮區,121.9140159,25.1226934
未命名山峰,新北市,瑞芳/貢寮區,121.9056665,25.1169379
未命名山峰,新北市,瑞芳/貢寮區,121.9127123,25.1234256
未命名山峰,新北市,瑞芳/貢寮區,121.9079112,25.1173634
未命名山峰,新北市,瑞芳/貢寮區,121.9110621,25.1209601
未命名山峰,新北市,瑞芳/貢寮區,121.9128001,25.1217086
未命名山峰,新北市,瑞芳/貢寮區,121.9016851,25.1167969
未命名山峰,新北市,瑞芳/貢寮區,121.9020022,25.1159682
未命名山峰,新北市,瑞芳/貢寮區,121.9173659,25.126585
未命名山峰,新北市,瑞芳/貢寮區,121.9232256,25.1281109
小崗山,高雄市,桃源區,120.3359633,22.8177065
未命名山峰,新北市,瑞芳/貢寮區,121.7847277,25.1902631
未命名山峰,新北市,瑞芳/貢寮區,121.7860658,25.1922485
未命名山峰,新北市,瑞芳/貢寮區,121.7875242,25.1940788
未命名山峰,新北市,瑞芳/貢寮區,121.7835425,25.1952055
未命名山峰,新北市,瑞芳/貢寮區,121.7830054,25.1903878
龍頭岩,新北市,瑞芳/貢寮區,121.7841785,25.1903529
未命名山峰,臺東縣,海端鄉,121.4181948,23.1246258
未命名山峰,臺東縣,海端鄉,121.422607,23.126091
麻里巴山,屏東縣,霧台鄉,120.762912,22.2964618
內麻里巴山,屏東縣,霧台鄉,120.7715847,22.2869559
未命名山峰,臺東縣,海端鄉,121.028616,23.3397919
未命名山峰,臺東縣,海端鄉,121.0196413,23.3502716
小小巫山,新北市,瑞芳/貢寮區,121.5183245,24.8523643
小巫山,新北市,瑞芳/貢寮區,121.5129817,24.8507694
大坑山,新北市,瑞芳/貢寮區,121.7928012,25.0238769
未命名山峰,新北市,瑞芳/貢寮區,121.7374246,25.1237917
未命名山峰,新北市,瑞芳/貢寮區,121.7390185,25.1243186
未命名山峰,新北市,瑞芳/貢寮區,121.7385712,25.1221409
未命名山峰,新北市,瑞芳/貢寮區,121.740436,25.1245238
未命名山峰,新北市,瑞芳/貢寮區,121.7381944,25.1168382
未命名山峰,新北市,瑞芳/貢寮區,121.7654054,25.1625394
未命名山峰,新北市,瑞芳/貢寮區,121.7664856,25.1620016
未命名山峰,新北市,瑞芳/貢寮區,121.7706585,25.1592474
未命名山峰,新北市,瑞芳/貢寮區,121.772306,25.1547639
未命名山峰,新北市,瑞芳/貢寮區,121.8184474,25.1328938
未命名山峰,新北市,瑞芳/貢寮區,121.825975,25.1359886
未命名山峰,新北市,瑞芳/貢寮區,121.8247721,25.1357281
未命名山峰,新北市,瑞芳/貢寮區,121.825387,25.1358875
未命名山峰,新北市,瑞芳/貢寮區,121.8231849,25.1352856
未命名山峰,新北市,瑞芳/貢寮區,121.6172335,25.2075366
南勢湖山,新北市,瑞芳/貢寮區,121.6156174,25.205034
未命名山峰,新北市,瑞芳/貢寮區,121.801296,25.1438569
未命名山峰,臺東縣,海端鄉,121.2571026,23.0392669
未命名山峰,臺東縣,海端鄉,121.2677282,23.0384178
未命名山峰,新北市,瑞芳/貢寮區,121.8656127,25.115857
耆古巴林山,屏東縣,霧台鄉,120.814573,22.2344606
三粒半(中粒),新北市,瑞芳/貢寮區,121.45288,24.9443101
南勢埔,新北市,淡水/三芝區,121.3531265,25.0821798
未命名山峰,宜蘭縣,大同鄉,121.8710388,24.5843379
南方澳山,宜蘭縣,大同鄉,121.8748509,24.5801194
未命名山峰,宜蘭縣,大同鄉,121.8721586,24.5845062
未命名山峰,宜蘭縣,大同鄉,121.87124,24.5853952
未命名山峰,宜蘭縣,大同鄉,121.8705587,24.5865538
未命名山峰,宜蘭縣,大同鄉,121.8780937,24.5791542
未命名山峰,花蓮縣,秀林鄉,120.8419892,23.8554821
未命名山峰,花蓮縣,秀林鄉,120.8419114,23.8531677
未命名山峰,花蓮縣,秀林鄉,120.84684,23.8399435
未命名山峰,花蓮縣,秀林鄉,120.8451985,23.8425907
未命名山峰,花蓮縣,秀林鄉,120.8440585,23.8435769
未命名山峰,花蓮縣,秀林鄉,120.9484582,23.8502975
未命名山峰,新北市,瑞芳/貢寮區,121.7379959,25.1123404
未命名山峰,新北市,瑞芳/貢寮區,121.7346773,25.1133993
未命名山峰,新北市,瑞芳/貢寮區,121.7943276,24.9366003
未命名山峰,新北市,瑞芳/貢寮區,121.7972982,24.9478132
未命名山峰,新北市,瑞芳/貢寮區,121.6900246,25.207013
未命名山峰,新北市,瑞芳/貢寮區,121.6946856,25.2101126
未命名山峰,新北市,瑞芳/貢寮區,121.6865209,25.1990371
未命名山峰,新北市,瑞芳/貢寮區,121.4984263,24.9291114
未命名山峰,新北市,瑞芳/貢寮區,121.5015712,24.9417873
未命名山峰,高雄市,桃源區,120.5676831,23.3559273
未命名山峰,高雄市,桃源區,120.561626,23.3537481
未命名山峰,高雄市,桃源區,120.5697014,23.3262197
四林山,屏東縣,霧台鄉,120.7980306,22.0715086
射麻里山,屏東縣,霧台鄉,120.8158498,22.0194491
未命名山峰,新北市,瑞芳/貢寮區,121.891209,25.0187148
未命名山峰,臺中市,和平區,120.9100858,24.2867121
未命名山峰,臺中市,和平區,120.9089553,24.2869749
未命名山峰,新北市,瑞芳/貢寮區,121.7985615,24.9171558
未命名山峰,新北市,瑞芳/貢寮區,121.7838845,24.9156914
未命名山峰,新北市,瑞芳/貢寮區,121.7781499,24.9193304
未命名山峰,新北市,瑞芳/貢寮區,121.7913222,24.916178
大蟒鴨山,屏東縣,霧台鄉,120.8660743,22.4331232
未命名山峰,南投縣,仁愛鄉,121.7166388,24.2981332
未命名山峰,屏東縣,霧台鄉,121.0524903,22.7909807
未命名山峰,新北市,淡水/三芝區,121.3996521,25.1448944
草皮溜滑梯,新北市,瑞芳/貢寮區,121.4135764,25.1628331
內胡子,嘉義縣,阿里山鄉,120.7563597,23.9443442
未命名山峰,嘉義縣,阿里山鄉,120.6860858,23.5399305
未命名山峰,嘉義縣,阿里山鄉,120.6799369,23.5446504
未命名山峰,嘉義縣,阿里山鄉,120.6472997,23.5622926